step,return,config
60,15.0,PPO-MLP / CartPole (MDP)
108,27.0,PPO-MLP / CartPole (MDP)
116,29.0,PPO-MLP / CartPole (MDP)
124,31.0,PPO-MLP / CartPole (MDP)
152,22.0,PPO-MLP / CartPole (MDP)
164,11.0,PPO-MLP / CartPole (MDP)
172,11.0,PPO-MLP / CartPole (MDP)
196,21.0,PPO-MLP / CartPole (MDP)
220,11.0,PPO-MLP / CartPole (MDP)
228,18.0,PPO-MLP / CartPole (MDP)
264,24.0,PPO-MLP / CartPole (MDP)
296,16.0,PPO-MLP / CartPole (MDP)
336,28.0,PPO-MLP / CartPole (MDP)
344,19.0,PPO-MLP / CartPole (MDP)
356,14.0,PPO-MLP / CartPole (MDP)
356,39.0,PPO-MLP / CartPole (MDP)
400,10.0,PPO-MLP / CartPole (MDP)
408,15.0,PPO-MLP / CartPole (MDP)
424,21.0,PPO-MLP / CartPole (MDP)
472,17.0,PPO-MLP / CartPole (MDP)
496,17.0,PPO-MLP / CartPole (MDP)
520,40.0,PPO-MLP / CartPole (MDP)
560,37.0,PPO-MLP / CartPole (MDP)
572,24.0,PPO-MLP / CartPole (MDP)
600,25.0,PPO-MLP / CartPole (MDP)
612,12.0,PPO-MLP / CartPole (MDP)
660,34.0,PPO-MLP / CartPole (MDP)
688,21.0,PPO-MLP / CartPole (MDP)
700,31.0,PPO-MLP / CartPole (MDP)
724,15.0,PPO-MLP / CartPole (MDP)
760,14.0,PPO-MLP / CartPole (MDP)
768,19.0,PPO-MLP / CartPole (MDP)
820,23.0,PPO-MLP / CartPole (MDP)
824,13.0,PPO-MLP / CartPole (MDP)
868,11.0,PPO-MLP / CartPole (MDP)
880,13.0,PPO-MLP / CartPole (MDP)
880,66.0,PPO-MLP / CartPole (MDP)
900,34.0,PPO-MLP / CartPole (MDP)
932,12.0,PPO-MLP / CartPole (MDP)
952,20.0,PPO-MLP / CartPole (MDP)
956,18.0,PPO-MLP / CartPole (MDP)
992,22.0,PPO-MLP / CartPole (MDP)
1060,16.0,PPO-MLP / CartPole (MDP)
1064,27.0,PPO-MLP / CartPole (MDP)
1120,13.0,PPO-MLP / CartPole (MDP)
1136,50.0,PPO-MLP / CartPole (MDP)
1144,20.0,PPO-MLP / CartPole (MDP)
1212,18.0,PPO-MLP / CartPole (MDP)
1240,70.0,PPO-MLP / CartPole (MDP)
1252,26.0,PPO-MLP / CartPole (MDP)
1276,38.0,PPO-MLP / CartPole (MDP)
1280,16.0,PPO-MLP / CartPole (MDP)
1304,15.0,PPO-MLP / CartPole (MDP)
1340,21.0,PPO-MLP / CartPole (MDP)
1356,19.0,PPO-MLP / CartPole (MDP)
1404,30.0,PPO-MLP / CartPole (MDP)
1412,26.0,PPO-MLP / CartPole (MDP)
1428,17.0,PPO-MLP / CartPole (MDP)
1452,27.0,PPO-MLP / CartPole (MDP)
1472,14.0,PPO-MLP / CartPole (MDP)
1476,17.0,PPO-MLP / CartPole (MDP)
1524,17.0,PPO-MLP / CartPole (MDP)
1536,26.0,PPO-MLP / CartPole (MDP)
1576,25.0,PPO-MLP / CartPole (MDP)
1616,22.0,PPO-MLP / CartPole (MDP)
1660,30.0,PPO-MLP / CartPole (MDP)
1680,25.0,PPO-MLP / CartPole (MDP)
1684,51.0,PPO-MLP / CartPole (MDP)
1700,20.0,PPO-MLP / CartPole (MDP)
1712,12.0,PPO-MLP / CartPole (MDP)
1788,25.0,PPO-MLP / CartPole (MDP)
1792,19.0,PPO-MLP / CartPole (MDP)
1796,28.0,PPO-MLP / CartPole (MDP)
1868,18.0,PPO-MLP / CartPole (MDP)
1908,29.0,PPO-MLP / CartPole (MDP)
1968,14.0,PPO-MLP / CartPole (MDP)
2000,74.0,PPO-MLP / CartPole (MDP)
2000,50.0,PPO-MLP / CartPole (MDP)
2052,45.0,PPO-MLP / CartPole (MDP)
2076,18.0,PPO-MLP / CartPole (MDP)
2108,13.0,PPO-MLP / CartPole (MDP)
2168,22.0,PPO-MLP / CartPole (MDP)
2212,25.0,PPO-MLP / CartPole (MDP)
2252,70.0,PPO-MLP / CartPole (MDP)
2308,34.0,PPO-MLP / CartPole (MDP)
2324,17.0,PPO-MLP / CartPole (MDP)
2332,82.0,PPO-MLP / CartPole (MDP)
2364,37.0,PPO-MLP / CartPole (MDP)
2436,17.0,PPO-MLP / CartPole (MDP)
2448,34.0,PPO-MLP / CartPole (MDP)
2472,36.0,PPO-MLP / CartPole (MDP)
2476,35.0,PPO-MLP / CartPole (MDP)
2524,18.0,PPO-MLP / CartPole (MDP)
2540,15.0,PPO-MLP / CartPole (MDP)
2544,26.0,PPO-MLP / CartPole (MDP)
2548,18.0,PPO-MLP / CartPole (MDP)
2568,10.0,PPO-MLP / CartPole (MDP)
2640,22.0,PPO-MLP / CartPole (MDP)
2652,26.0,PPO-MLP / CartPole (MDP)
2684,28.0,PPO-MLP / CartPole (MDP)
2720,16.0,PPO-MLP / CartPole (MDP)
2732,22.0,PPO-MLP / CartPole (MDP)
2788,61.0,PPO-MLP / CartPole (MDP)
2792,14.0,PPO-MLP / CartPole (MDP)
2808,21.0,PPO-MLP / CartPole (MDP)
2948,34.0,PPO-MLP / CartPole (MDP)
2968,70.0,PPO-MLP / CartPole (MDP)
3004,13.0,PPO-MLP / CartPole (MDP)
3020,57.0,PPO-MLP / CartPole (MDP)
3032,59.0,PPO-MLP / CartPole (MDP)
3064,14.0,PPO-MLP / CartPole (MDP)
3096,31.0,PPO-MLP / CartPole (MDP)
3148,12.0,PPO-MLP / CartPole (MDP)
3168,33.0,PPO-MLP / CartPole (MDP)
3176,38.0,PPO-MLP / CartPole (MDP)
3188,30.0,PPO-MLP / CartPole (MDP)
3248,24.0,PPO-MLP / CartPole (MDP)
3252,18.0,PPO-MLP / CartPole (MDP)
3264,18.0,PPO-MLP / CartPole (MDP)
3332,19.0,PPO-MLP / CartPole (MDP)
3340,42.0,PPO-MLP / CartPole (MDP)
3344,23.0,PPO-MLP / CartPole (MDP)
3364,24.0,PPO-MLP / CartPole (MDP)
3408,16.0,PPO-MLP / CartPole (MDP)
3464,32.0,PPO-MLP / CartPole (MDP)
3496,37.0,PPO-MLP / CartPole (MDP)
3520,38.0,PPO-MLP / CartPole (MDP)
3564,24.0,PPO-MLP / CartPole (MDP)
3572,18.0,PPO-MLP / CartPole (MDP)
3600,8.0,PPO-MLP / CartPole (MDP)
3652,32.0,PPO-MLP / CartPole (MDP)
3664,15.0,PPO-MLP / CartPole (MDP)
3664,22.0,PPO-MLP / CartPole (MDP)
3672,65.0,PPO-MLP / CartPole (MDP)
3748,20.0,PPO-MLP / CartPole (MDP)
3768,28.0,PPO-MLP / CartPole (MDP)
3828,40.0,PPO-MLP / CartPole (MDP)
3832,39.0,PPO-MLP / CartPole (MDP)
3860,27.0,PPO-MLP / CartPole (MDP)
3880,27.0,PPO-MLP / CartPole (MDP)
3940,27.0,PPO-MLP / CartPole (MDP)
3948,28.0,PPO-MLP / CartPole (MDP)
4020,19.0,PPO-MLP / CartPole (MDP)
4044,40.0,PPO-MLP / CartPole (MDP)
4052,25.0,PPO-MLP / CartPole (MDP)
4120,64.0,PPO-MLP / CartPole (MDP)
4196,37.0,PPO-MLP / CartPole (MDP)
4200,36.0,PPO-MLP / CartPole (MDP)
4268,61.0,PPO-MLP / CartPole (MDP)
4276,19.0,PPO-MLP / CartPole (MDP)
4312,47.0,PPO-MLP / CartPole (MDP)
4320,29.0,PPO-MLP / CartPole (MDP)
4388,27.0,PPO-MLP / CartPole (MDP)
4412,22.0,PPO-MLP / CartPole (MDP)
4436,30.0,PPO-MLP / CartPole (MDP)
4440,42.0,PPO-MLP / CartPole (MDP)
4508,23.0,PPO-MLP / CartPole (MDP)
4520,20.0,PPO-MLP / CartPole (MDP)
4568,14.0,PPO-MLP / CartPole (MDP)
4616,56.0,PPO-MLP / CartPole (MDP)
4672,25.0,PPO-MLP / CartPole (MDP)
4708,22.0,PPO-MLP / CartPole (MDP)
4712,67.0,PPO-MLP / CartPole (MDP)
4820,26.0,PPO-MLP / CartPole (MDP)
4864,85.0,PPO-MLP / CartPole (MDP)
4888,16.0,PPO-MLP / CartPole (MDP)
4912,59.0,PPO-MLP / CartPole (MDP)
4936,56.0,PPO-MLP / CartPole (MDP)
5016,37.0,PPO-MLP / CartPole (MDP)
5088,43.0,PPO-MLP / CartPole (MDP)
5164,56.0,PPO-MLP / CartPole (MDP)
5172,70.0,PPO-MLP / CartPole (MDP)
5240,18.0,PPO-MLP / CartPole (MDP)
5284,48.0,PPO-MLP / CartPole (MDP)
5320,75.0,PPO-MLP / CartPole (MDP)
5372,32.0,PPO-MLP / CartPole (MDP)
5428,63.0,PPO-MLP / CartPole (MDP)
5544,64.0,PPO-MLP / CartPole (MDP)
5548,56.0,PPO-MLP / CartPole (MDP)
5572,49.0,PPO-MLP / CartPole (MDP)
5624,19.0,PPO-MLP / CartPole (MDP)
5704,38.0,PPO-MLP / CartPole (MDP)
5724,73.0,PPO-MLP / CartPole (MDP)
5752,11.0,PPO-MLP / CartPole (MDP)
5792,41.0,PPO-MLP / CartPole (MDP)
5844,22.0,PPO-MLP / CartPole (MDP)
5912,46.0,PPO-MLP / CartPole (MDP)
5960,41.0,PPO-MLP / CartPole (MDP)
6084,127.0,PPO-MLP / CartPole (MDP)
6120,68.0,PPO-MLP / CartPole (MDP)
6236,68.0,PPO-MLP / CartPole (MDP)
6236,80.0,PPO-MLP / CartPole (MDP)
6252,32.0,PPO-MLP / CartPole (MDP)
6324,17.0,PPO-MLP / CartPole (MDP)
6360,30.0,PPO-MLP / CartPole (MDP)
6408,42.0,PPO-MLP / CartPole (MDP)
6472,96.0,PPO-MLP / CartPole (MDP)
6476,37.0,PPO-MLP / CartPole (MDP)
6496,33.0,PPO-MLP / CartPole (MDP)
6524,28.0,PPO-MLP / CartPole (MDP)
6672,43.0,PPO-MLP / CartPole (MDP)
6756,69.0,PPO-MLP / CartPole (MDP)
6760,71.0,PPO-MLP / CartPole (MDP)
6852,81.0,PPO-MLP / CartPole (MDP)
6888,31.0,PPO-MLP / CartPole (MDP)
6900,35.0,PPO-MLP / CartPole (MDP)
7056,95.0,PPO-MLP / CartPole (MDP)
7068,41.0,PPO-MLP / CartPole (MDP)
7080,47.0,PPO-MLP / CartPole (MDP)
7212,35.0,PPO-MLP / CartPole (MDP)
7244,97.0,PPO-MLP / CartPole (MDP)
7280,55.0,PPO-MLP / CartPole (MDP)
7320,59.0,PPO-MLP / CartPole (MDP)
7404,47.0,PPO-MLP / CartPole (MDP)
7408,31.0,PPO-MLP / CartPole (MDP)
7488,41.0,PPO-MLP / CartPole (MDP)
7652,60.0,PPO-MLP / CartPole (MDP)
7700,52.0,PPO-MLP / CartPole (MDP)
7732,121.0,PPO-MLP / CartPole (MDP)
7804,37.0,PPO-MLP / CartPole (MDP)
7808,26.0,PPO-MLP / CartPole (MDP)
7900,22.0,PPO-MLP / CartPole (MDP)
7940,51.0,PPO-MLP / CartPole (MDP)
7996,147.0,PPO-MLP / CartPole (MDP)
8052,61.0,PPO-MLP / CartPole (MDP)
8180,45.0,PPO-MLP / CartPole (MDP)
8196,73.0,PPO-MLP / CartPole (MDP)
8200,64.0,PPO-MLP / CartPole (MDP)
8336,38.0,PPO-MLP / CartPole (MDP)
8412,89.0,PPO-MLP / CartPole (MDP)
8468,32.0,PPO-MLP / CartPole (MDP)
8512,78.0,PPO-MLP / CartPole (MDP)
8608,48.0,PPO-MLP / CartPole (MDP)
8624,27.0,PPO-MLP / CartPole (MDP)
8804,150.0,PPO-MLP / CartPole (MDP)
8928,75.0,PPO-MLP / CartPole (MDP)
8960,87.0,PPO-MLP / CartPole (MDP)
9092,32.0,PPO-MLP / CartPole (MDP)
9204,99.0,PPO-MLP / CartPole (MDP)
9208,184.0,PPO-MLP / CartPole (MDP)
9596,97.0,PPO-MLP / CartPole (MDP)
9612,170.0,PPO-MLP / CartPole (MDP)
9692,149.0,PPO-MLP / CartPole (MDP)
10032,108.0,PPO-MLP / CartPole (MDP)
10164,137.0,PPO-MLP / CartPole (MDP)
10416,62.0,PPO-MLP / CartPole (MDP)
10464,313.0,PPO-MLP / CartPole (MDP)
10564,132.0,PPO-MLP / CartPole (MDP)
10748,263.0,PPO-MLP / CartPole (MDP)
11008,135.0,PPO-MLP / CartPole (MDP)
11052,121.0,PPO-MLP / CartPole (MDP)
11232,203.0,PPO-MLP / CartPole (MDP)
11412,89.0,PPO-MLP / CartPole (MDP)
11584,208.0,PPO-MLP / CartPole (MDP)
11764,87.0,PPO-MLP / CartPole (MDP)
11784,193.0,PPO-MLP / CartPole (MDP)
12140,138.0,PPO-MLP / CartPole (MDP)
12212,106.0,PPO-MLP / CartPole (MDP)
12312,269.0,PPO-MLP / CartPole (MDP)
12436,167.0,PPO-MLP / CartPole (MDP)
12828,153.0,PPO-MLP / CartPole (MDP)
12928,122.0,PPO-MLP / CartPole (MDP)
12984,210.0,PPO-MLP / CartPole (MDP)
13144,53.0,PPO-MLP / CartPole (MDP)
13672,171.0,PPO-MLP / CartPole (MDP)
13876,261.0,PPO-MLP / CartPole (MDP)
13916,400.0,PPO-MLP / CartPole (MDP)
13916,192.0,PPO-MLP / CartPole (MDP)
14240,141.0,PPO-MLP / CartPole (MDP)
14444,141.0,PPO-MLP / CartPole (MDP)
14572,163.0,PPO-MLP / CartPole (MDP)
14588,35.0,PPO-MLP / CartPole (MDP)
15080,209.0,PPO-MLP / CartPole (MDP)
15280,176.0,PPO-MLP / CartPole (MDP)
15284,173.0,PPO-MLP / CartPole (MDP)
15440,380.0,PPO-MLP / CartPole (MDP)
15524,60.0,PPO-MLP / CartPole (MDP)
15800,179.0,PPO-MLP / CartPole (MDP)
15884,149.0,PPO-MLP / CartPole (MDP)
16064,155.0,PPO-MLP / CartPole (MDP)
16280,119.0,PPO-MLP / CartPole (MDP)
16456,232.0,PPO-MLP / CartPole (MDP)
16552,166.0,PPO-MLP / CartPole (MDP)
16892,206.0,PPO-MLP / CartPole (MDP)
17032,187.0,PPO-MLP / CartPole (MDP)
17124,166.0,PPO-MLP / CartPole (MDP)
17344,197.0,PPO-MLP / CartPole (MDP)
17444,137.0,PPO-MLP / CartPole (MDP)
17884,212.0,PPO-MLP / CartPole (MDP)
18312,296.0,PPO-MLP / CartPole (MDP)
18376,232.0,PPO-MLP / CartPole (MDP)
18536,162.0,PPO-MLP / CartPole (MDP)
18584,309.0,PPO-MLP / CartPole (MDP)
19052,128.0,PPO-MLP / CartPole (MDP)
19056,117.0,PPO-MLP / CartPole (MDP)
19064,171.0,PPO-MLP / CartPole (MDP)
19816,375.0,PPO-MLP / CartPole (MDP)
19956,222.0,PPO-MLP / CartPole (MDP)
20484,356.0,PPO-MLP / CartPole (MDP)
20620,200.0,PPO-MLP / CartPole (MDP)
20664,176.0,PPO-MLP / CartPole (MDP)
20808,438.0,PPO-MLP / CartPole (MDP)
21320,127.0,PPO-MLP / CartPole (MDP)
21384,190.0,PPO-MLP / CartPole (MDP)
21432,191.0,PPO-MLP / CartPole (MDP)
21848,340.0,PPO-MLP / CartPole (MDP)
21856,105.0,PPO-MLP / CartPole (MDP)
21932,136.0,PPO-MLP / CartPole (MDP)
22256,233.0,PPO-MLP / CartPole (MDP)
22384,133.0,PPO-MLP / CartPole (MDP)
22488,157.0,PPO-MLP / CartPole (MDP)
22524,147.0,PPO-MLP / CartPole (MDP)
23076,137.0,PPO-MLP / CartPole (MDP)
23100,152.0,PPO-MLP / CartPole (MDP)
23408,287.0,PPO-MLP / CartPole (MDP)
23676,143.0,PPO-MLP / CartPole (MDP)
23904,379.0,PPO-MLP / CartPole (MDP)
24172,190.0,PPO-MLP / CartPole (MDP)
24392,178.0,PPO-MLP / CartPole (MDP)
24692,196.0,PPO-MLP / CartPole (MDP)
25080,500.0,PPO-MLP / CartPole (MDP)
25096,175.0,PPO-MLP / CartPole (MDP)
25104,232.0,PPO-MLP / CartPole (MDP)
25212,129.0,PPO-MLP / CartPole (MDP)
25776,173.0,PPO-MLP / CartPole (MDP)
25876,194.0,PPO-MLP / CartPole (MDP)
25988,193.0,PPO-MLP / CartPole (MDP)
26028,230.0,PPO-MLP / CartPole (MDP)
26372,123.0,PPO-MLP / CartPole (MDP)
26856,216.0,PPO-MLP / CartPole (MDP)
27128,274.0,PPO-MLP / CartPole (MDP)
27304,232.0,PPO-MLP / CartPole (MDP)
27364,396.0,PPO-MLP / CartPole (MDP)
27576,179.0,PPO-MLP / CartPole (MDP)
27672,135.0,PPO-MLP / CartPole (MDP)
27860,138.0,PPO-MLP / CartPole (MDP)
27968,150.0,PPO-MLP / CartPole (MDP)
28352,193.0,PPO-MLP / CartPole (MDP)
28448,193.0,PPO-MLP / CartPole (MDP)
28604,185.0,PPO-MLP / CartPole (MDP)
28636,166.0,PPO-MLP / CartPole (MDP)
29236,220.0,PPO-MLP / CartPole (MDP)
29364,189.0,PPO-MLP / CartPole (MDP)
29424,196.0,PPO-MLP / CartPole (MDP)
29532,270.0,PPO-MLP / CartPole (MDP)
29952,131.0,PPO-MLP / CartPole (MDP)
30224,246.0,PPO-MLP / CartPole (MDP)
30232,216.0,PPO-MLP / CartPole (MDP)
30828,148.0,PPO-MLP / CartPole (MDP)
30832,219.0,PPO-MLP / CartPole (MDP)
31048,378.0,PPO-MLP / CartPole (MDP)
31236,252.0,PPO-MLP / CartPole (MDP)
31388,139.0,PPO-MLP / CartPole (MDP)
31772,234.0,PPO-MLP / CartPole (MDP)
32172,280.0,PPO-MLP / CartPole (MDP)
32192,238.0,PPO-MLP / CartPole (MDP)
32296,130.0,PPO-MLP / CartPole (MDP)
32972,168.0,PPO-MLP / CartPole (MDP)
33100,226.0,PPO-MLP / CartPole (MDP)
33132,239.0,PPO-MLP / CartPole (MDP)
33264,468.0,PPO-MLP / CartPole (MDP)
33888,228.0,PPO-MLP / CartPole (MDP)
34060,239.0,PPO-MLP / CartPole (MDP)
34180,228.0,PPO-MLP / CartPole (MDP)
34692,389.0,PPO-MLP / CartPole (MDP)
35180,322.0,PPO-MLP / CartPole (MDP)
35784,272.0,PPO-MLP / CartPole (MDP)
36016,458.0,PPO-MLP / CartPole (MDP)
36064,500.0,PPO-MLP / CartPole (MDP)
36472,322.0,PPO-MLP / CartPole (MDP)
36680,165.0,PPO-MLP / CartPole (MDP)
36924,112.0,PPO-MLP / CartPole (MDP)
36944,219.0,PPO-MLP / CartPole (MDP)
37588,226.0,PPO-MLP / CartPole (MDP)
37788,500.0,PPO-MLP / CartPole (MDP)
38272,331.0,PPO-MLP / CartPole (MDP)
38416,206.0,PPO-MLP / CartPole (MDP)
38572,195.0,PPO-MLP / CartPole (MDP)
38624,424.0,PPO-MLP / CartPole (MDP)
39136,215.0,PPO-MLP / CartPole (MDP)
39340,230.0,PPO-MLP / CartPole (MDP)
39480,226.0,PPO-MLP / CartPole (MDP)
40008,345.0,PPO-MLP / CartPole (MDP)
40132,248.0,PPO-MLP / CartPole (MDP)
40284,235.0,PPO-MLP / CartPole (MDP)
40348,216.0,PPO-MLP / CartPole (MDP)
40948,203.0,PPO-MLP / CartPole (MDP)
41212,231.0,PPO-MLP / CartPole (MDP)
41284,318.0,PPO-MLP / CartPole (MDP)
41952,400.0,PPO-MLP / CartPole (MDP)
42136,230.0,PPO-MLP / CartPole (MDP)
42340,347.0,PPO-MLP / CartPole (MDP)
42788,208.0,PPO-MLP / CartPole (MDP)
43144,251.0,PPO-MLP / CartPole (MDP)
43148,465.0,PPO-MLP / CartPole (MDP)
43196,213.0,PPO-MLP / CartPole (MDP)
43924,193.0,PPO-MLP / CartPole (MDP)
44032,208.0,PPO-MLP / CartPole (MDP)
44152,340.0,PPO-MLP / CartPole (MDP)
44296,65.0,PPO-MLP / CartPole (MDP)
44396,312.0,PPO-MLP / CartPole (MDP)
44608,170.0,PPO-MLP / CartPole (MDP)
45568,317.0,PPO-MLP / CartPole (MDP)
45628,368.0,PPO-MLP / CartPole (MDP)
45912,378.0,PPO-MLP / CartPole (MDP)
45956,336.0,PPO-MLP / CartPole (MDP)
46360,197.0,PPO-MLP / CartPole (MDP)
46724,191.0,PPO-MLP / CartPole (MDP)
46772,214.0,PPO-MLP / CartPole (MDP)
47208,394.0,PPO-MLP / CartPole (MDP)
47228,216.0,PPO-MLP / CartPole (MDP)
47880,167.0,PPO-MLP / CartPole (MDP)
48476,425.0,PPO-MLP / CartPole (MDP)
48488,314.0,PPO-MLP / CartPole (MDP)
48532,162.0,PPO-MLP / CartPole (MDP)
48728,500.0,PPO-MLP / CartPole (MDP)
49140,162.0,PPO-MLP / CartPole (MDP)
49320,196.0,PPO-MLP / CartPole (MDP)
49536,201.0,PPO-MLP / CartPole (MDP)
49656,294.0,PPO-MLP / CartPole (MDP)
50036,223.0,PPO-MLP / CartPole (MDP)
50424,221.0,PPO-MLP / CartPole (MDP)
50600,235.0,PPO-MLP / CartPole (MDP)
51172,462.0,PPO-MLP / CartPole (MDP)
51380,335.0,PPO-MLP / CartPole (MDP)
51432,207.0,PPO-MLP / CartPole (MDP)
51880,363.0,PPO-MLP / CartPole (MDP)
52200,256.0,PPO-MLP / CartPole (MDP)
52416,258.0,PPO-MLP / CartPole (MDP)
52896,365.0,PPO-MLP / CartPole (MDP)
52952,133.0,PPO-MLP / CartPole (MDP)
53208,331.0,PPO-MLP / CartPole (MDP)
53472,317.0,PPO-MLP / CartPole (MDP)
53756,214.0,PPO-MLP / CartPole (MDP)
53820,152.0,PPO-MLP / CartPole (MDP)
54096,285.0,PPO-MLP / CartPole (MDP)
54492,254.0,PPO-MLP / CartPole (MDP)
54716,223.0,PPO-MLP / CartPole (MDP)
55368,402.0,PPO-MLP / CartPole (MDP)
55816,330.0,PPO-MLP / CartPole (MDP)
55824,276.0,PPO-MLP / CartPole (MDP)
55860,122.0,PPO-MLP / CartPole (MDP)
56024,481.0,PPO-MLP / CartPole (MDP)
56528,125.0,PPO-MLP / CartPole (MDP)
57048,307.0,PPO-MLP / CartPole (MDP)
57276,353.0,PPO-MLP / CartPole (MDP)
57520,423.0,PPO-MLP / CartPole (MDP)
57932,163.0,PPO-MLP / CartPole (MDP)
58520,497.0,PPO-MLP / CartPole (MDP)
58584,265.0,PPO-MLP / CartPole (MDP)
58928,248.0,PPO-MLP / CartPole (MDP)
59052,500.0,PPO-MLP / CartPole (MDP)
59676,186.0,PPO-MLP / CartPole (MDP)
59700,294.0,PPO-MLP / CartPole (MDP)
60152,112.0,PPO-MLP / CartPole (MDP)
60156,275.0,PPO-MLP / CartPole (MDP)
60296,427.0,PPO-MLP / CartPole (MDP)
60448,192.0,PPO-MLP / CartPole (MDP)
60840,135.0,PPO-MLP / CartPole (MDP)
61032,219.0,PPO-MLP / CartPole (MDP)
61808,339.0,PPO-MLP / CartPole (MDP)
61956,278.0,PPO-MLP / CartPole (MDP)
62160,500.0,PPO-MLP / CartPole (MDP)
62472,359.0,PPO-MLP / CartPole (MDP)
62744,196.0,PPO-MLP / CartPole (MDP)
62932,280.0,PPO-MLP / CartPole (MDP)
63284,280.0,PPO-MLP / CartPole (MDP)
64160,353.0,PPO-MLP / CartPole (MDP)
64476,500.0,PPO-MLP / CartPole (MDP)
64936,500.0,PPO-MLP / CartPole (MDP)
65288,500.0,PPO-MLP / CartPole (MDP)
65608,282.0,PPO-MLP / CartPole (MDP)
65748,396.0,PPO-MLP / CartPole (MDP)
66204,316.0,PPO-MLP / CartPole (MDP)
66536,311.0,PPO-MLP / CartPole (MDP)
66816,266.0,PPO-MLP / CartPole (MDP)
67612,500.0,PPO-MLP / CartPole (MDP)
67768,390.0,PPO-MLP / CartPole (MDP)
68144,93.0,PPO-MLP / CartPole (MDP)
68540,500.0,PPO-MLP / CartPole (MDP)
68624,252.0,PPO-MLP / CartPole (MDP)
68692,468.0,PPO-MLP / CartPole (MDP)
68900,188.0,PPO-MLP / CartPole (MDP)
69096,100.0,PPO-MLP / CartPole (MDP)
69564,234.0,PPO-MLP / CartPole (MDP)
70392,462.0,PPO-MLP / CartPole (MDP)
70872,443.0,PPO-MLP / CartPole (MDP)
70904,500.0,PPO-MLP / CartPole (MDP)
71552,496.0,PPO-MLP / CartPole (MDP)
71984,269.0,PPO-MLP / CartPole (MDP)
72396,500.0,PPO-MLP / CartPole (MDP)
72876,500.0,PPO-MLP / CartPole (MDP)
72880,331.0,PPO-MLP / CartPole (MDP)
73988,500.0,PPO-MLP / CartPole (MDP)
74092,302.0,PPO-MLP / CartPole (MDP)
74352,488.0,PPO-MLP / CartPole (MDP)
74880,500.0,PPO-MLP / CartPole (MDP)
75004,253.0,PPO-MLP / CartPole (MDP)
75408,328.0,PPO-MLP / CartPole (MDP)
75664,195.0,PPO-MLP / CartPole (MDP)
76356,500.0,PPO-MLP / CartPole (MDP)
76420,353.0,PPO-MLP / CartPole (MDP)
77388,494.0,PPO-MLP / CartPole (MDP)
77572,303.0,PPO-MLP / CartPole (MDP)
77584,479.0,PPO-MLP / CartPole (MDP)
78424,500.0,PPO-MLP / CartPole (MDP)
78508,233.0,PPO-MLP / CartPole (MDP)
79392,500.0,PPO-MLP / CartPole (MDP)
79588,500.0,PPO-MLP / CartPole (MDP)
80340,478.0,PPO-MLP / CartPole (MDP)
80384,247.0,PPO-MLP / CartPole (MDP)
80512,500.0,PPO-MLP / CartPole (MDP)
80840,312.0,PPO-MLP / CartPole (MDP)
81580,266.0,PPO-MLP / CartPole (MDP)
82104,440.0,PPO-MLP / CartPole (MDP)
82388,500.0,PPO-MLP / CartPole (MDP)
82528,421.0,PPO-MLP / CartPole (MDP)
82816,308.0,PPO-MLP / CartPole (MDP)
83756,306.0,PPO-MLP / CartPole (MDP)
84108,500.0,PPO-MLP / CartPole (MDP)
84276,471.0,PPO-MLP / CartPole (MDP)
84456,409.0,PPO-MLP / CartPole (MDP)
85400,410.0,PPO-MLP / CartPole (MDP)
85504,261.0,PPO-MLP / CartPole (MDP)
86112,500.0,PPO-MLP / CartPole (MDP)
86280,500.0,PPO-MLP / CartPole (MDP)
86400,223.0,PPO-MLP / CartPole (MDP)
87164,440.0,PPO-MLP / CartPole (MDP)
87328,303.0,PPO-MLP / CartPole (MDP)
87536,313.0,PPO-MLP / CartPole (MDP)
87576,293.0,PPO-MLP / CartPole (MDP)
87940,193.0,PPO-MLP / CartPole (MDP)
88380,200.0,PPO-MLP / CartPole (MDP)
89304,441.0,PPO-MLP / CartPole (MDP)
89332,500.0,PPO-MLP / CartPole (MDP)
89440,264.0,PPO-MLP / CartPole (MDP)
89568,406.0,PPO-MLP / CartPole (MDP)
90292,246.0,PPO-MLP / CartPole (MDP)
90580,284.0,PPO-MLP / CartPole (MDP)
91336,500.0,PPO-MLP / CartPole (MDP)
91464,220.0,PPO-MLP / CartPole (MDP)
91572,500.0,PPO-MLP / CartPole (MDP)
92296,500.0,PPO-MLP / CartPole (MDP)
92812,336.0,PPO-MLP / CartPole (MDP)
93336,499.0,PPO-MLP / CartPole (MDP)
93340,441.0,PPO-MLP / CartPole (MDP)
93536,309.0,PPO-MLP / CartPole (MDP)
94264,230.0,PPO-MLP / CartPole (MDP)
94496,289.0,PPO-MLP / CartPole (MDP)
94816,500.0,PPO-MLP / CartPole (MDP)
95012,368.0,PPO-MLP / CartPole (MDP)
96268,500.0,PPO-MLP / CartPole (MDP)
96500,500.0,PPO-MLP / CartPole (MDP)
96820,500.0,PPO-MLP / CartPole (MDP)
97016,500.0,PPO-MLP / CartPole (MDP)
98108,272.0,PPO-MLP / CartPole (MDP)
98272,500.0,PPO-MLP / CartPole (MDP)
98504,500.0,PPO-MLP / CartPole (MDP)
98824,500.0,PPO-MLP / CartPole (MDP)
99724,403.0,PPO-MLP / CartPole (MDP)
99852,336.0,PPO-MLP / CartPole (MDP)
100276,500.0,PPO-MLP / CartPole (MDP)
100828,500.0,PPO-MLP / CartPole (MDP)
101656,450.0,PPO-MLP / CartPole (MDP)
101728,500.0,PPO-MLP / CartPole (MDP)
102244,491.0,PPO-MLP / CartPole (MDP)
102708,262.0,PPO-MLP / CartPole (MDP)
102832,500.0,PPO-MLP / CartPole (MDP)
103580,462.0,PPO-MLP / CartPole (MDP)
104248,500.0,PPO-MLP / CartPole (MDP)
104256,386.0,PPO-MLP / CartPole (MDP)
104596,440.0,PPO-MLP / CartPole (MDP)
104808,137.0,PPO-MLP / CartPole (MDP)
105576,498.0,PPO-MLP / CartPole (MDP)
105840,397.0,PPO-MLP / CartPole (MDP)
105920,330.0,PPO-MLP / CartPole (MDP)
106812,500.0,PPO-MLP / CartPole (MDP)
107032,363.0,PPO-MLP / CartPole (MDP)
107388,386.0,PPO-MLP / CartPole (MDP)
107620,424.0,PPO-MLP / CartPole (MDP)
108300,227.0,PPO-MLP / CartPole (MDP)
108432,404.0,PPO-MLP / CartPole (MDP)
108452,354.0,PPO-MLP / CartPole (MDP)
109200,224.0,PPO-MLP / CartPole (MDP)
109320,424.0,PPO-MLP / CartPole (MDP)
109752,329.0,PPO-MLP / CartPole (MDP)
110044,397.0,PPO-MLP / CartPole (MDP)
110192,247.0,PPO-MLP / CartPole (MDP)
110476,180.0,PPO-MLP / CartPole (MDP)
111080,221.0,PPO-MLP / CartPole (MDP)
111316,498.0,PPO-MLP / CartPole (MDP)
111824,336.0,PPO-MLP / CartPole (MDP)
111992,168.0,PPO-MLP / CartPole (MDP)
112004,489.0,PPO-MLP / CartPole (MDP)
112168,271.0,PPO-MLP / CartPole (MDP)
113440,361.0,PPO-MLP / CartPole (MDP)
113524,338.0,PPO-MLP / CartPole (MDP)
113632,451.0,PPO-MLP / CartPole (MDP)
114008,500.0,PPO-MLP / CartPole (MDP)
114508,266.0,PPO-MLP / CartPole (MDP)
115000,368.0,PPO-MLP / CartPole (MDP)
115224,397.0,PPO-MLP / CartPole (MDP)
115268,314.0,PPO-MLP / CartPole (MDP)
115628,279.0,PPO-MLP / CartPole (MDP)
116424,299.0,PPO-MLP / CartPole (MDP)
117004,500.0,PPO-MLP / CartPole (MDP)
117272,500.0,PPO-MLP / CartPole (MDP)
117632,500.0,PPO-MLP / CartPole (MDP)
118092,271.0,PPO-MLP / CartPole (MDP)
118428,500.0,PPO-MLP / CartPole (MDP)
119112,459.0,PPO-MLP / CartPole (MDP)
119596,120.0,PPO-MLP / CartPole (MDP)
119636,500.0,PPO-MLP / CartPole (MDP)
119992,474.0,PPO-MLP / CartPole (MDP)
120432,500.0,PPO-MLP / CartPole (MDP)
120552,228.0,PPO-MLP / CartPole (MDP)
121104,376.0,PPO-MLP / CartPole (MDP)
121240,311.0,PPO-MLP / CartPole (MDP)
121364,202.0,PPO-MLP / CartPole (MDP)
121992,389.0,PPO-MLP / CartPole (MDP)
122012,192.0,PPO-MLP / CartPole (MDP)
122776,195.0,PPO-MLP / CartPole (MDP)
122844,434.0,PPO-MLP / CartPole (MDP)
123056,260.0,PPO-MLP / CartPole (MDP)
123116,437.0,PPO-MLP / CartPole (MDP)
123556,177.0,PPO-MLP / CartPole (MDP)
123868,272.0,PPO-MLP / CartPole (MDP)
125060,500.0,PPO-MLP / CartPole (MDP)
125120,500.0,PPO-MLP / CartPole (MDP)
125204,333.0,PPO-MLP / CartPole (MDP)
125560,500.0,PPO-MLP / CartPole (MDP)
126184,280.0,PPO-MLP / CartPole (MDP)
126536,332.0,PPO-MLP / CartPole (MDP)
126920,449.0,PPO-MLP / CartPole (MDP)
127120,389.0,PPO-MLP / CartPole (MDP)
127644,364.0,PPO-MLP / CartPole (MDP)
127788,216.0,PPO-MLP / CartPole (MDP)
127864,331.0,PPO-MLP / CartPole (MDP)
128508,215.0,PPO-MLP / CartPole (MDP)
128816,423.0,PPO-MLP / CartPole (MDP)
129256,347.0,PPO-MLP / CartPole (MDP)
129624,278.0,PPO-MLP / CartPole (MDP)
129792,500.0,PPO-MLP / CartPole (MDP)
130560,435.0,PPO-MLP / CartPole (MDP)
130612,338.0,PPO-MLP / CartPole (MDP)
130900,276.0,PPO-MLP / CartPole (MDP)
131628,500.0,PPO-MLP / CartPole (MDP)
131960,349.0,PPO-MLP / CartPole (MDP)
132616,500.0,PPO-MLP / CartPole (MDP)
132736,458.0,PPO-MLP / CartPole (MDP)
133632,500.0,PPO-MLP / CartPole (MDP)
133964,500.0,PPO-MLP / CartPole (MDP)
133988,312.0,PPO-MLP / CartPole (MDP)
134356,180.0,PPO-MLP / CartPole (MDP)
134548,482.0,PPO-MLP / CartPole (MDP)
135684,423.0,PPO-MLP / CartPole (MDP)
135968,500.0,PPO-MLP / CartPole (MDP)
136360,500.0,PPO-MLP / CartPole (MDP)
136372,455.0,PPO-MLP / CartPole (MDP)
137688,500.0,PPO-MLP / CartPole (MDP)
137824,463.0,PPO-MLP / CartPole (MDP)
138364,500.0,PPO-MLP / CartPole (MDP)
138376,500.0,PPO-MLP / CartPole (MDP)
139460,270.0,PPO-MLP / CartPole (MDP)
139692,500.0,PPO-MLP / CartPole (MDP)
139828,500.0,PPO-MLP / CartPole (MDP)
140280,478.0,PPO-MLP / CartPole (MDP)
141464,500.0,PPO-MLP / CartPole (MDP)
141696,500.0,PPO-MLP / CartPole (MDP)
141832,500.0,PPO-MLP / CartPole (MDP)
142284,500.0,PPO-MLP / CartPole (MDP)
143468,500.0,PPO-MLP / CartPole (MDP)
143700,500.0,PPO-MLP / CartPole (MDP)
143836,500.0,PPO-MLP / CartPole (MDP)
143872,396.0,PPO-MLP / CartPole (MDP)
145464,440.0,PPO-MLP / CartPole (MDP)
145472,500.0,PPO-MLP / CartPole (MDP)
145776,475.0,PPO-MLP / CartPole (MDP)
145840,500.0,PPO-MLP / CartPole (MDP)
147180,426.0,PPO-MLP / CartPole (MDP)
147468,500.0,PPO-MLP / CartPole (MDP)
147616,443.0,PPO-MLP / CartPole (MDP)
147688,477.0,PPO-MLP / CartPole (MDP)
149052,395.0,PPO-MLP / CartPole (MDP)
149184,500.0,PPO-MLP / CartPole (MDP)
149444,456.0,PPO-MLP / CartPole (MDP)
149692,500.0,PPO-MLP / CartPole (MDP)
150808,438.0,PPO-MLP / CartPole (MDP)
151188,500.0,PPO-MLP / CartPole (MDP)
151448,500.0,PPO-MLP / CartPole (MDP)
151696,500.0,PPO-MLP / CartPole (MDP)
152268,364.0,PPO-MLP / CartPole (MDP)
152608,354.0,PPO-MLP / CartPole (MDP)
152656,239.0,PPO-MLP / CartPole (MDP)
152900,157.0,PPO-MLP / CartPole (MDP)
153344,473.0,PPO-MLP / CartPole (MDP)
153716,276.0,PPO-MLP / CartPole (MDP)
154336,358.0,PPO-MLP / CartPole (MDP)
154404,436.0,PPO-MLP / CartPole (MDP)
154936,397.0,PPO-MLP / CartPole (MDP)
155564,461.0,PPO-MLP / CartPole (MDP)
156204,466.0,PPO-MLP / CartPole (MDP)
156408,500.0,PPO-MLP / CartPole (MDP)
156572,251.0,PPO-MLP / CartPole (MDP)
156940,500.0,PPO-MLP / CartPole (MDP)
157456,261.0,PPO-MLP / CartPole (MDP)
158064,372.0,PPO-MLP / CartPole (MDP)
158160,488.0,PPO-MLP / CartPole (MDP)
158732,318.0,PPO-MLP / CartPole (MDP)
158860,479.0,PPO-MLP / CartPole (MDP)
158864,175.0,PPO-MLP / CartPole (MDP)
159108,260.0,PPO-MLP / CartPole (MDP)
159940,269.0,PPO-MLP / CartPole (MDP)
160040,326.0,PPO-MLP / CartPole (MDP)
160632,441.0,PPO-MLP / CartPole (MDP)
161112,500.0,PPO-MLP / CartPole (MDP)
161344,325.0,PPO-MLP / CartPole (MDP)
161944,500.0,PPO-MLP / CartPole (MDP)
162440,331.0,PPO-MLP / CartPole (MDP)
162556,152.0,PPO-MLP / CartPole (MDP)
162636,500.0,PPO-MLP / CartPole (MDP)
162964,404.0,PPO-MLP / CartPole (MDP)
163376,204.0,PPO-MLP / CartPole (MDP)
163440,249.0,PPO-MLP / CartPole (MDP)
164032,163.0,PPO-MLP / CartPole (MDP)
164052,353.0,PPO-MLP / CartPole (MDP)
164968,500.0,PPO-MLP / CartPole (MDP)
165444,500.0,PPO-MLP / CartPole (MDP)
165824,447.0,PPO-MLP / CartPole (MDP)
166056,500.0,PPO-MLP / CartPole (MDP)
166516,267.0,PPO-MLP / CartPole (MDP)
166972,500.0,PPO-MLP / CartPole (MDP)
167292,193.0,PPO-MLP / CartPole (MDP)
167380,330.0,PPO-MLP / CartPole (MDP)
167828,500.0,PPO-MLP / CartPole (MDP)
168128,288.0,PPO-MLP / CartPole (MDP)
168456,290.0,PPO-MLP / CartPole (MDP)
169236,276.0,PPO-MLP / CartPole (MDP)
169384,500.0,PPO-MLP / CartPole (MDP)
169832,500.0,PPO-MLP / CartPole (MDP)
170024,391.0,PPO-MLP / CartPole (MDP)
171048,452.0,PPO-MLP / CartPole (MDP)
171364,334.0,PPO-MLP / CartPole (MDP)
171388,500.0,PPO-MLP / CartPole (MDP)
171836,500.0,PPO-MLP / CartPole (MDP)
172292,225.0,PPO-MLP / CartPole (MDP)
172320,238.0,PPO-MLP / CartPole (MDP)
172668,404.0,PPO-MLP / CartPole (MDP)
173840,500.0,PPO-MLP / CartPole (MDP)
173912,404.0,PPO-MLP / CartPole (MDP)
174324,500.0,PPO-MLP / CartPole (MDP)
174672,500.0,PPO-MLP / CartPole (MDP)
175680,338.0,PPO-MLP / CartPole (MDP)
175824,477.0,PPO-MLP / CartPole (MDP)
175844,500.0,PPO-MLP / CartPole (MDP)
176676,500.0,PPO-MLP / CartPole (MDP)
176760,269.0,PPO-MLP / CartPole (MDP)
177828,500.0,PPO-MLP / CartPole (MDP)
177848,500.0,PPO-MLP / CartPole (MDP)
177992,328.0,PPO-MLP / CartPole (MDP)
178396,408.0,PPO-MLP / CartPole (MDP)
179000,287.0,PPO-MLP / CartPole (MDP)
179828,499.0,PPO-MLP / CartPole (MDP)
179984,396.0,PPO-MLP / CartPole (MDP)
179996,500.0,PPO-MLP / CartPole (MDP)
181004,500.0,PPO-MLP / CartPole (MDP)
181832,500.0,PPO-MLP / CartPole (MDP)
181988,500.0,PPO-MLP / CartPole (MDP)
182000,500.0,PPO-MLP / CartPole (MDP)
182388,345.0,PPO-MLP / CartPole (MDP)
182792,197.0,PPO-MLP / CartPole (MDP)
182868,219.0,PPO-MLP / CartPole (MDP)
183216,345.0,PPO-MLP / CartPole (MDP)
183460,267.0,PPO-MLP / CartPole (MDP)
183728,233.0,PPO-MLP / CartPole (MDP)
184096,306.0,PPO-MLP / CartPole (MDP)
184288,206.0,PPO-MLP / CartPole (MDP)
184500,320.0,PPO-MLP / CartPole (MDP)
184816,179.0,PPO-MLP / CartPole (MDP)
185396,276.0,PPO-MLP / CartPole (MDP)
185732,500.0,PPO-MLP / CartPole (MDP)
185824,251.0,PPO-MLP / CartPole (MDP)
185884,345.0,PPO-MLP / CartPole (MDP)
186588,213.0,PPO-MLP / CartPole (MDP)
186980,288.0,PPO-MLP / CartPole (MDP)
187188,325.0,PPO-MLP / CartPole (MDP)
187400,500.0,PPO-MLP / CartPole (MDP)
188160,294.0,PPO-MLP / CartPole (MDP)
188204,403.0,PPO-MLP / CartPole (MDP)
188440,312.0,PPO-MLP / CartPole (MDP)
189336,483.0,PPO-MLP / CartPole (MDP)
189364,300.0,PPO-MLP / CartPole (MDP)
190208,500.0,PPO-MLP / CartPole (MDP)
190408,491.0,PPO-MLP / CartPole (MDP)
191340,500.0,PPO-MLP / CartPole (MDP)
191368,500.0,PPO-MLP / CartPole (MDP)
191524,278.0,PPO-MLP / CartPole (MDP)
192212,500.0,PPO-MLP / CartPole (MDP)
192996,367.0,PPO-MLP / CartPole (MDP)
193344,500.0,PPO-MLP / CartPole (MDP)
193372,500.0,PPO-MLP / CartPole (MDP)
194204,497.0,PPO-MLP / CartPole (MDP)
194652,319.0,PPO-MLP / CartPole (MDP)
194936,484.0,PPO-MLP / CartPole (MDP)
195348,500.0,PPO-MLP / CartPole (MDP)
195664,364.0,PPO-MLP / CartPole (MDP)
196004,337.0,PPO-MLP / CartPole (MDP)
196596,414.0,PPO-MLP / CartPole (MDP)
197040,343.0,PPO-MLP / CartPole (MDP)
197352,500.0,PPO-MLP / CartPole (MDP)
198008,500.0,PPO-MLP / CartPole (MDP)
198352,327.0,PPO-MLP / CartPole (MDP)
198600,500.0,PPO-MLP / CartPole (MDP)
198872,379.0,PPO-MLP / CartPole (MDP)
199500,286.0,PPO-MLP / CartPole (MDP)
200012,500.0,PPO-MLP / CartPole (MDP)
200336,208.0,PPO-MLP / CartPole (MDP)
200604,500.0,PPO-MLP / CartPole (MDP)
200876,500.0,PPO-MLP / CartPole (MDP)
201008,248.0,PPO-MLP / CartPole (MDP)
201620,253.0,PPO-MLP / CartPole (MDP)
201912,225.0,PPO-MLP / CartPole (MDP)
202020,285.0,PPO-MLP / CartPole (MDP)
202340,500.0,PPO-MLP / CartPole (MDP)
202716,173.0,PPO-MLP / CartPole (MDP)
203172,314.0,PPO-MLP / CartPole (MDP)
203544,480.0,PPO-MLP / CartPole (MDP)
203600,314.0,PPO-MLP / CartPole (MDP)
203844,167.0,PPO-MLP / CartPole (MDP)
204720,500.0,PPO-MLP / CartPole (MDP)
204720,218.0,PPO-MLP / CartPole (MDP)
205000,349.0,PPO-MLP / CartPole (MDP)
205120,393.0,PPO-MLP / CartPole (MDP)
205660,234.0,PPO-MLP / CartPole (MDP)
206068,336.0,PPO-MLP / CartPole (MDP)
206428,326.0,PPO-MLP / CartPole (MDP)
206624,405.0,PPO-MLP / CartPole (MDP)
207024,340.0,PPO-MLP / CartPole (MDP)
207344,318.0,PPO-MLP / CartPole (MDP)
207932,375.0,PPO-MLP / CartPole (MDP)
208356,432.0,PPO-MLP / CartPole (MDP)
208924,394.0,PPO-MLP / CartPole (MDP)
209028,500.0,PPO-MLP / CartPole (MDP)
209096,290.0,PPO-MLP / CartPole (MDP)
210360,500.0,PPO-MLP / CartPole (MDP)
210928,500.0,PPO-MLP / CartPole (MDP)
211032,500.0,PPO-MLP / CartPole (MDP)
211100,500.0,PPO-MLP / CartPole (MDP)
211800,359.0,PPO-MLP / CartPole (MDP)
212644,428.0,PPO-MLP / CartPole (MDP)
213036,500.0,PPO-MLP / CartPole (MDP)
213104,500.0,PPO-MLP / CartPole (MDP)
213308,376.0,PPO-MLP / CartPole (MDP)
214648,500.0,PPO-MLP / CartPole (MDP)
214880,443.0,PPO-MLP / CartPole (MDP)
215040,500.0,PPO-MLP / CartPole (MDP)
215312,500.0,PPO-MLP / CartPole (MDP)
216652,500.0,PPO-MLP / CartPole (MDP)
216728,353.0,PPO-MLP / CartPole (MDP)
216768,471.0,PPO-MLP / CartPole (MDP)
217044,500.0,PPO-MLP / CartPole (MDP)
217760,247.0,PPO-MLP / CartPole (MDP)
218656,500.0,PPO-MLP / CartPole (MDP)
218732,500.0,PPO-MLP / CartPole (MDP)
218936,293.0,PPO-MLP / CartPole (MDP)
219048,500.0,PPO-MLP / CartPole (MDP)
219712,263.0,PPO-MLP / CartPole (MDP)
220736,500.0,PPO-MLP / CartPole (MDP)
220940,500.0,PPO-MLP / CartPole (MDP)
221052,500.0,PPO-MLP / CartPole (MDP)
221716,500.0,PPO-MLP / CartPole (MDP)
222740,500.0,PPO-MLP / CartPole (MDP)
222944,500.0,PPO-MLP / CartPole (MDP)
223056,500.0,PPO-MLP / CartPole (MDP)
223720,500.0,PPO-MLP / CartPole (MDP)
224092,286.0,PPO-MLP / CartPole (MDP)
224348,322.0,PPO-MLP / CartPole (MDP)
224744,500.0,PPO-MLP / CartPole (MDP)
225528,358.0,PPO-MLP / CartPole (MDP)
225724,500.0,PPO-MLP / CartPole (MDP)
226352,500.0,PPO-MLP / CartPole (MDP)
226748,500.0,PPO-MLP / CartPole (MDP)
227532,500.0,PPO-MLP / CartPole (MDP)
227728,500.0,PPO-MLP / CartPole (MDP)
227804,362.0,PPO-MLP / CartPole (MDP)
228752,500.0,PPO-MLP / CartPole (MDP)
228984,362.0,PPO-MLP / CartPole (MDP)
229292,371.0,PPO-MLP / CartPole (MDP)
229732,500.0,PPO-MLP / CartPole (MDP)
230756,500.0,PPO-MLP / CartPole (MDP)
230988,500.0,PPO-MLP / CartPole (MDP)
231296,500.0,PPO-MLP / CartPole (MDP)
231736,500.0,PPO-MLP / CartPole (MDP)
232760,500.0,PPO-MLP / CartPole (MDP)
232992,500.0,PPO-MLP / CartPole (MDP)
233300,500.0,PPO-MLP / CartPole (MDP)
233740,500.0,PPO-MLP / CartPole (MDP)
234020,314.0,PPO-MLP / CartPole (MDP)
234996,500.0,PPO-MLP / CartPole (MDP)
235304,500.0,PPO-MLP / CartPole (MDP)
235744,500.0,PPO-MLP / CartPole (MDP)
236024,500.0,PPO-MLP / CartPole (MDP)
237000,500.0,PPO-MLP / CartPole (MDP)
237308,500.0,PPO-MLP / CartPole (MDP)
237744,429.0,PPO-MLP / CartPole (MDP)
237748,500.0,PPO-MLP / CartPole (MDP)
239004,500.0,PPO-MLP / CartPole (MDP)
239312,500.0,PPO-MLP / CartPole (MDP)
239748,500.0,PPO-MLP / CartPole (MDP)
239752,500.0,PPO-MLP / CartPole (MDP)
241008,500.0,PPO-MLP / CartPole (MDP)
241316,500.0,PPO-MLP / CartPole (MDP)
241752,500.0,PPO-MLP / CartPole (MDP)
241756,500.0,PPO-MLP / CartPole (MDP)
243012,500.0,PPO-MLP / CartPole (MDP)
243320,500.0,PPO-MLP / CartPole (MDP)
243756,500.0,PPO-MLP / CartPole (MDP)
243760,500.0,PPO-MLP / CartPole (MDP)
244312,137.0,PPO-MLP / CartPole (MDP)
244544,382.0,PPO-MLP / CartPole (MDP)
245324,500.0,PPO-MLP / CartPole (MDP)
245760,500.0,PPO-MLP / CartPole (MDP)
246316,500.0,PPO-MLP / CartPole (MDP)
246548,500.0,PPO-MLP / CartPole (MDP)
246708,236.0,PPO-MLP / CartPole (MDP)
247328,500.0,PPO-MLP / CartPole (MDP)
247752,300.0,PPO-MLP / CartPole (MDP)
248320,500.0,PPO-MLP / CartPole (MDP)
248712,500.0,PPO-MLP / CartPole (MDP)
249332,500.0,PPO-MLP / CartPole (MDP)
249756,500.0,PPO-MLP / CartPole (MDP)
250324,500.0,PPO-MLP / CartPole (MDP)
250716,500.0,PPO-MLP / CartPole (MDP)
251336,500.0,PPO-MLP / CartPole (MDP)
251760,500.0,PPO-MLP / CartPole (MDP)
252068,435.0,PPO-MLP / CartPole (MDP)
252720,500.0,PPO-MLP / CartPole (MDP)
253340,500.0,PPO-MLP / CartPole (MDP)
253764,500.0,PPO-MLP / CartPole (MDP)
254072,500.0,PPO-MLP / CartPole (MDP)
254152,357.0,PPO-MLP / CartPole (MDP)
255344,500.0,PPO-MLP / CartPole (MDP)
255768,500.0,PPO-MLP / CartPole (MDP)
256076,500.0,PPO-MLP / CartPole (MDP)
256156,500.0,PPO-MLP / CartPole (MDP)
257348,500.0,PPO-MLP / CartPole (MDP)
257772,500.0,PPO-MLP / CartPole (MDP)
258080,500.0,PPO-MLP / CartPole (MDP)
258160,500.0,PPO-MLP / CartPole (MDP)
259352,500.0,PPO-MLP / CartPole (MDP)
259776,500.0,PPO-MLP / CartPole (MDP)
260084,500.0,PPO-MLP / CartPole (MDP)
260164,500.0,PPO-MLP / CartPole (MDP)
261356,500.0,PPO-MLP / CartPole (MDP)
261780,500.0,PPO-MLP / CartPole (MDP)
262088,500.0,PPO-MLP / CartPole (MDP)
262168,500.0,PPO-MLP / CartPole (MDP)
263360,500.0,PPO-MLP / CartPole (MDP)
263784,500.0,PPO-MLP / CartPole (MDP)
264092,500.0,PPO-MLP / CartPole (MDP)
264172,500.0,PPO-MLP / CartPole (MDP)
265364,500.0,PPO-MLP / CartPole (MDP)
265788,500.0,PPO-MLP / CartPole (MDP)
266096,500.0,PPO-MLP / CartPole (MDP)
266176,500.0,PPO-MLP / CartPole (MDP)
266660,120.0,PPO-MLP / CartPole (MDP)
267368,500.0,PPO-MLP / CartPole (MDP)
267792,500.0,PPO-MLP / CartPole (MDP)
268100,500.0,PPO-MLP / CartPole (MDP)
268664,500.0,PPO-MLP / CartPole (MDP)
269372,500.0,PPO-MLP / CartPole (MDP)
269796,500.0,PPO-MLP / CartPole (MDP)
270104,500.0,PPO-MLP / CartPole (MDP)
270668,500.0,PPO-MLP / CartPole (MDP)
271376,500.0,PPO-MLP / CartPole (MDP)
271408,325.0,PPO-MLP / CartPole (MDP)
271800,500.0,PPO-MLP / CartPole (MDP)
272176,376.0,PPO-MLP / CartPole (MDP)
273380,500.0,PPO-MLP / CartPole (MDP)
273412,500.0,PPO-MLP / CartPole (MDP)
273804,500.0,PPO-MLP / CartPole (MDP)
274180,500.0,PPO-MLP / CartPole (MDP)
275384,500.0,PPO-MLP / CartPole (MDP)
275416,500.0,PPO-MLP / CartPole (MDP)
275808,500.0,PPO-MLP / CartPole (MDP)
276184,500.0,PPO-MLP / CartPole (MDP)
277388,500.0,PPO-MLP / CartPole (MDP)
277420,500.0,PPO-MLP / CartPole (MDP)
277812,500.0,PPO-MLP / CartPole (MDP)
278188,500.0,PPO-MLP / CartPole (MDP)
279392,500.0,PPO-MLP / CartPole (MDP)
279424,500.0,PPO-MLP / CartPole (MDP)
279816,500.0,PPO-MLP / CartPole (MDP)
280192,500.0,PPO-MLP / CartPole (MDP)
281396,500.0,PPO-MLP / CartPole (MDP)
281428,500.0,PPO-MLP / CartPole (MDP)
281820,500.0,PPO-MLP / CartPole (MDP)
282196,500.0,PPO-MLP / CartPole (MDP)
282784,240.0,PPO-MLP / CartPole (MDP)
283400,500.0,PPO-MLP / CartPole (MDP)
283432,500.0,PPO-MLP / CartPole (MDP)
284200,500.0,PPO-MLP / CartPole (MDP)
284788,500.0,PPO-MLP / CartPole (MDP)
285404,500.0,PPO-MLP / CartPole (MDP)
285436,500.0,PPO-MLP / CartPole (MDP)
286204,500.0,PPO-MLP / CartPole (MDP)
286788,499.0,PPO-MLP / CartPole (MDP)
287408,500.0,PPO-MLP / CartPole (MDP)
287440,500.0,PPO-MLP / CartPole (MDP)
288208,500.0,PPO-MLP / CartPole (MDP)
288560,287.0,PPO-MLP / CartPole (MDP)
288792,500.0,PPO-MLP / CartPole (MDP)
289444,500.0,PPO-MLP / CartPole (MDP)
290212,500.0,PPO-MLP / CartPole (MDP)
290564,500.0,PPO-MLP / CartPole (MDP)
290796,500.0,PPO-MLP / CartPole (MDP)
291448,500.0,PPO-MLP / CartPole (MDP)
292216,500.0,PPO-MLP / CartPole (MDP)
292568,500.0,PPO-MLP / CartPole (MDP)
292800,500.0,PPO-MLP / CartPole (MDP)
293452,500.0,PPO-MLP / CartPole (MDP)
294220,500.0,PPO-MLP / CartPole (MDP)
294572,500.0,PPO-MLP / CartPole (MDP)
294804,500.0,PPO-MLP / CartPole (MDP)
295456,500.0,PPO-MLP / CartPole (MDP)
296224,500.0,PPO-MLP / CartPole (MDP)
296576,500.0,PPO-MLP / CartPole (MDP)
296808,500.0,PPO-MLP / CartPole (MDP)
297460,500.0,PPO-MLP / CartPole (MDP)
298228,500.0,PPO-MLP / CartPole (MDP)
298580,500.0,PPO-MLP / CartPole (MDP)
298812,500.0,PPO-MLP / CartPole (MDP)
298868,351.0,PPO-MLP / CartPole (MDP)
