step,return,config,seed
64,16.0,ppo_framestack_pomdp,3
72,18.0,ppo_framestack_pomdp,3
108,27.0,ppo_framestack_pomdp,3
116,12.0,ppo_framestack_pomdp,3
160,40.0,ppo_framestack_pomdp,3
168,23.0,ppo_framestack_pomdp,3
168,14.0,ppo_framestack_pomdp,3
216,11.0,ppo_framestack_pomdp,3
244,20.0,ppo_framestack_pomdp,3
252,33.0,ppo_framestack_pomdp,3
268,12.0,ppo_framestack_pomdp,3
272,25.0,ppo_framestack_pomdp,3
300,13.0,ppo_framestack_pomdp,3
312,14.0,ppo_framestack_pomdp,3
332,15.0,ppo_framestack_pomdp,3
396,20.0,ppo_framestack_pomdp,3
408,18.0,ppo_framestack_pomdp,3
452,37.0,ppo_framestack_pomdp,3
468,14.0,ppo_framestack_pomdp,3
476,50.0,ppo_framestack_pomdp,3
516,15.0,ppo_framestack_pomdp,3
520,10.0,ppo_framestack_pomdp,3
540,35.0,ppo_framestack_pomdp,3
604,21.0,ppo_framestack_pomdp,3
608,21.0,ppo_framestack_pomdp,3
668,14.0,ppo_framestack_pomdp,3
668,15.0,ppo_framestack_pomdp,3
672,32.0,ppo_framestack_pomdp,3
712,10.0,ppo_framestack_pomdp,3
756,10.0,ppo_framestack_pomdp,3
776,25.0,ppo_framestack_pomdp,3
792,30.0,ppo_framestack_pomdp,3
804,11.0,ppo_framestack_pomdp,3
876,17.0,ppo_framestack_pomdp,3
908,28.0,ppo_framestack_pomdp,3
932,38.0,ppo_framestack_pomdp,3
952,120.0,ppo_framestack_pomdp,3
956,11.0,ppo_framestack_pomdp,3
964,21.0,ppo_framestack_pomdp,3
992,14.0,ppo_framestack_pomdp,3
1000,10.0,ppo_framestack_pomdp,3
1024,14.0,ppo_framestack_pomdp,3
1056,13.0,ppo_framestack_pomdp,3
1076,30.0,ppo_framestack_pomdp,3
1124,32.0,ppo_framestack_pomdp,3
1136,19.0,ppo_framestack_pomdp,3
1172,11.0,ppo_framestack_pomdp,3
1184,26.0,ppo_framestack_pomdp,3
1204,16.0,ppo_framestack_pomdp,3
1248,15.0,ppo_framestack_pomdp,3
1280,26.0,ppo_framestack_pomdp,3
1284,64.0,ppo_framestack_pomdp,3
1336,32.0,ppo_framestack_pomdp,3
1360,18.0,ppo_framestack_pomdp,3
1424,35.0,ppo_framestack_pomdp,3
1424,43.0,ppo_framestack_pomdp,3
1432,17.0,ppo_framestack_pomdp,3
1432,23.0,ppo_framestack_pomdp,3
1476,12.0,ppo_framestack_pomdp,3
1500,16.0,ppo_framestack_pomdp,3
1552,31.0,ppo_framestack_pomdp,3
1560,14.0,ppo_framestack_pomdp,3
1580,36.0,ppo_framestack_pomdp,3
1616,34.0,ppo_framestack_pomdp,3
1628,18.0,ppo_framestack_pomdp,3
1632,12.0,ppo_framestack_pomdp,3
1684,12.0,ppo_framestack_pomdp,3
1744,45.0,ppo_framestack_pomdp,3
1764,19.0,ppo_framestack_pomdp,3
1784,41.0,ppo_framestack_pomdp,3
1816,12.0,ppo_framestack_pomdp,3
1848,15.0,ppo_framestack_pomdp,3
1856,56.0,ppo_framestack_pomdp,3
1860,28.0,ppo_framestack_pomdp,3
1904,11.0,ppo_framestack_pomdp,3
1904,13.0,ppo_framestack_pomdp,3
1920,25.0,ppo_framestack_pomdp,3
1968,15.0,ppo_framestack_pomdp,3
1972,27.0,ppo_framestack_pomdp,3
2032,14.0,ppo_framestack_pomdp,3
2056,33.0,ppo_framestack_pomdp,3
2068,40.0,ppo_framestack_pomdp,3
2068,24.0,ppo_framestack_pomdp,3
2100,16.0,ppo_framestack_pomdp,3
2116,11.0,ppo_framestack_pomdp,3
2136,19.0,ppo_framestack_pomdp,3
2140,17.0,ppo_framestack_pomdp,3
2164,15.0,ppo_framestack_pomdp,3
2184,10.0,ppo_framestack_pomdp,3
2188,17.0,ppo_framestack_pomdp,3
2212,18.0,ppo_framestack_pomdp,3
2236,17.0,ppo_framestack_pomdp,3
2244,14.0,ppo_framestack_pomdp,3
2264,18.0,ppo_framestack_pomdp,3
2304,22.0,ppo_framestack_pomdp,3
2340,23.0,ppo_framestack_pomdp,3
2344,9.0,ppo_framestack_pomdp,3
2368,25.0,ppo_framestack_pomdp,3
2388,11.0,ppo_framestack_pomdp,3
2424,46.0,ppo_framestack_pomdp,3
2432,21.0,ppo_framestack_pomdp,3
2448,19.0,ppo_framestack_pomdp,3
2488,15.0,ppo_framestack_pomdp,3
2512,15.0,ppo_framestack_pomdp,3
2516,20.0,ppo_framestack_pomdp,3
2572,13.0,ppo_framestack_pomdp,3
2576,21.0,ppo_framestack_pomdp,3
2596,51.0,ppo_framestack_pomdp,3
2616,10.0,ppo_framestack_pomdp,3
2620,26.0,ppo_framestack_pomdp,3
2680,25.0,ppo_framestack_pomdp,3
2692,23.0,ppo_framestack_pomdp,3
2756,18.0,ppo_framestack_pomdp,3
2760,35.0,ppo_framestack_pomdp,3
2808,46.0,ppo_framestack_pomdp,3
2808,12.0,ppo_framestack_pomdp,3
2840,19.0,ppo_framestack_pomdp,3
2864,13.0,ppo_framestack_pomdp,3
2864,13.0,ppo_framestack_pomdp,3
2872,44.0,ppo_framestack_pomdp,3
2896,13.0,ppo_framestack_pomdp,3
2944,11.0,ppo_framestack_pomdp,3
2944,19.0,ppo_framestack_pomdp,3
2948,18.0,ppo_framestack_pomdp,3
2976,27.0,ppo_framestack_pomdp,3
3032,13.0,ppo_framestack_pomdp,3
3044,23.0,ppo_framestack_pomdp,3
3100,13.0,ppo_framestack_pomdp,3
3124,44.0,ppo_framestack_pomdp,3
3172,34.0,ppo_framestack_pomdp,3
3184,14.0,ppo_framestack_pomdp,3
3264,40.0,ppo_framestack_pomdp,3
3276,22.0,ppo_framestack_pomdp,3
3332,96.0,ppo_framestack_pomdp,3
3336,40.0,ppo_framestack_pomdp,3
3344,16.0,ppo_framestack_pomdp,3
3376,27.0,ppo_framestack_pomdp,3
3404,17.0,ppo_framestack_pomdp,3
3424,19.0,ppo_framestack_pomdp,3
3432,13.0,ppo_framestack_pomdp,3
3472,33.0,ppo_framestack_pomdp,3
3496,17.0,ppo_framestack_pomdp,3
3552,29.0,ppo_framestack_pomdp,3
3580,26.0,ppo_framestack_pomdp,3
3608,50.0,ppo_framestack_pomdp,3
3640,21.0,ppo_framestack_pomdp,3
3672,15.0,ppo_framestack_pomdp,3
3676,23.0,ppo_framestack_pomdp,3
3692,48.0,ppo_framestack_pomdp,3
3712,17.0,ppo_framestack_pomdp,3
3720,11.0,ppo_framestack_pomdp,3
3728,12.0,ppo_framestack_pomdp,3
3732,9.0,ppo_framestack_pomdp,3
3756,10.0,ppo_framestack_pomdp,3
3796,15.0,ppo_framestack_pomdp,3
3852,13.0,ppo_framestack_pomdp,3
3872,35.0,ppo_framestack_pomdp,3
3884,40.0,ppo_framestack_pomdp,3
3884,31.0,ppo_framestack_pomdp,3
3940,13.0,ppo_framestack_pomdp,3
3964,22.0,ppo_framestack_pomdp,3
3972,29.0,ppo_framestack_pomdp,3
3980,23.0,ppo_framestack_pomdp,3
4020,19.0,ppo_framestack_pomdp,3
4032,16.0,ppo_framestack_pomdp,3
4052,19.0,ppo_framestack_pomdp,3
4084,25.0,ppo_framestack_pomdp,3
4088,13.0,ppo_framestack_pomdp,3
4132,10.0,ppo_framestack_pomdp,3
4176,22.0,ppo_framestack_pomdp,3
4188,33.0,ppo_framestack_pomdp,3
4248,28.0,ppo_framestack_pomdp,3
4264,18.0,ppo_framestack_pomdp,3
4276,63.0,ppo_framestack_pomdp,3
4304,31.0,ppo_framestack_pomdp,3
4324,14.0,ppo_framestack_pomdp,3
4400,37.0,ppo_framestack_pomdp,3
4488,45.0,ppo_framestack_pomdp,3
4492,41.0,ppo_framestack_pomdp,3
4528,31.0,ppo_framestack_pomdp,3
4536,11.0,ppo_framestack_pomdp,3
4544,66.0,ppo_framestack_pomdp,3
4580,12.0,ppo_framestack_pomdp,3
4588,23.0,ppo_framestack_pomdp,3
4612,18.0,ppo_framestack_pomdp,3
4612,16.0,ppo_framestack_pomdp,3
4692,19.0,ppo_framestack_pomdp,3
4716,25.0,ppo_framestack_pomdp,3
4736,38.0,ppo_framestack_pomdp,3
4740,11.0,ppo_framestack_pomdp,3
4796,14.0,ppo_framestack_pomdp,3
4804,53.0,ppo_framestack_pomdp,3
4820,19.0,ppo_framestack_pomdp,3
4852,33.0,ppo_framestack_pomdp,3
4852,11.0,ppo_framestack_pomdp,3
4932,19.0,ppo_framestack_pomdp,3
4948,37.0,ppo_framestack_pomdp,3
4956,25.0,ppo_framestack_pomdp,3
4964,35.0,ppo_framestack_pomdp,3
4996,11.0,ppo_framestack_pomdp,3
5048,22.0,ppo_framestack_pomdp,3
5068,17.0,ppo_framestack_pomdp,3
5108,14.0,ppo_framestack_pomdp,3
5140,51.0,ppo_framestack_pomdp,3
5196,57.0,ppo_framestack_pomdp,3
5196,31.0,ppo_framestack_pomdp,3
5244,11.0,ppo_framestack_pomdp,3
5296,38.0,ppo_framestack_pomdp,3
5304,48.0,ppo_framestack_pomdp,3
5344,24.0,ppo_framestack_pomdp,3
5380,18.0,ppo_framestack_pomdp,3
5408,52.0,ppo_framestack_pomdp,3
5420,18.0,ppo_framestack_pomdp,3
5444,36.0,ppo_framestack_pomdp,3
5488,16.0,ppo_framestack_pomdp,3
5492,20.0,ppo_framestack_pomdp,3
5496,28.0,ppo_framestack_pomdp,3
5560,28.0,ppo_framestack_pomdp,3
5572,19.0,ppo_framestack_pomdp,3
5604,26.0,ppo_framestack_pomdp,3
5620,32.0,ppo_framestack_pomdp,3
5636,18.0,ppo_framestack_pomdp,3
5712,26.0,ppo_framestack_pomdp,3
5716,35.0,ppo_framestack_pomdp,3
5748,27.0,ppo_framestack_pomdp,3
5764,12.0,ppo_framestack_pomdp,3
5768,12.0,ppo_framestack_pomdp,3
5772,37.0,ppo_framestack_pomdp,3
5848,24.0,ppo_framestack_pomdp,3
5852,19.0,ppo_framestack_pomdp,3
5916,36.0,ppo_framestack_pomdp,3
5920,38.0,ppo_framestack_pomdp,3
5928,18.0,ppo_framestack_pomdp,3
5944,23.0,ppo_framestack_pomdp,3
5988,14.0,ppo_framestack_pomdp,3
5992,17.0,ppo_framestack_pomdp,3
6060,16.0,ppo_framestack_pomdp,3
6072,31.0,ppo_framestack_pomdp,3
6104,10.0,ppo_framestack_pomdp,3
6108,47.0,ppo_framestack_pomdp,3
6136,15.0,ppo_framestack_pomdp,3
6172,15.0,ppo_framestack_pomdp,3
6196,51.0,ppo_framestack_pomdp,3
6228,22.0,ppo_framestack_pomdp,3
6228,13.0,ppo_framestack_pomdp,3
6260,38.0,ppo_framestack_pomdp,3
6300,17.0,ppo_framestack_pomdp,3
6320,14.0,ppo_framestack_pomdp,3
6372,35.0,ppo_framestack_pomdp,3
6388,21.0,ppo_framestack_pomdp,3
6392,48.0,ppo_framestack_pomdp,3
6436,15.0,ppo_framestack_pomdp,3
6440,11.0,ppo_framestack_pomdp,3
6448,14.0,ppo_framestack_pomdp,3
6520,17.0,ppo_framestack_pomdp,3
6560,30.0,ppo_framestack_pomdp,3
6560,59.0,ppo_framestack_pomdp,3
6592,17.0,ppo_framestack_pomdp,3
6656,15.0,ppo_framestack_pomdp,3
6664,25.0,ppo_framestack_pomdp,3
6712,67.0,ppo_framestack_pomdp,3
6736,19.0,ppo_framestack_pomdp,3
6748,20.0,ppo_framestack_pomdp,3
6752,47.0,ppo_framestack_pomdp,3
6792,19.0,ppo_framestack_pomdp,3
6864,28.0,ppo_framestack_pomdp,3
6904,27.0,ppo_framestack_pomdp,3
6920,41.0,ppo_framestack_pomdp,3
6928,15.0,ppo_framestack_pomdp,3
6952,53.0,ppo_framestack_pomdp,3
6996,16.0,ppo_framestack_pomdp,3
7056,33.0,ppo_framestack_pomdp,3
7076,19.0,ppo_framestack_pomdp,3
7092,34.0,ppo_framestack_pomdp,3
7124,11.0,ppo_framestack_pomdp,3
7164,64.0,ppo_framestack_pomdp,3
7184,14.0,ppo_framestack_pomdp,3
7184,22.0,ppo_framestack_pomdp,3
7228,10.0,ppo_framestack_pomdp,3
7256,17.0,ppo_framestack_pomdp,3
7256,49.0,ppo_framestack_pomdp,3
7276,27.0,ppo_framestack_pomdp,3
7288,14.0,ppo_framestack_pomdp,3
7356,19.0,ppo_framestack_pomdp,3
7368,27.0,ppo_framestack_pomdp,3
7412,10.0,ppo_framestack_pomdp,3
7432,18.0,ppo_framestack_pomdp,3
7456,10.0,ppo_framestack_pomdp,3
7476,54.0,ppo_framestack_pomdp,3
7504,11.0,ppo_framestack_pomdp,3
7524,58.0,ppo_framestack_pomdp,3
7528,12.0,ppo_framestack_pomdp,3
7592,16.0,ppo_framestack_pomdp,3
7608,19.0,ppo_framestack_pomdp,3
7644,12.0,ppo_framestack_pomdp,3
7648,35.0,ppo_framestack_pomdp,3
7648,53.0,ppo_framestack_pomdp,3
7700,22.0,ppo_framestack_pomdp,3
7716,16.0,ppo_framestack_pomdp,3
7784,33.0,ppo_framestack_pomdp,3
7788,17.0,ppo_framestack_pomdp,3
7788,21.0,ppo_framestack_pomdp,3
7796,37.0,ppo_framestack_pomdp,3
7852,16.0,ppo_framestack_pomdp,3
7852,15.0,ppo_framestack_pomdp,3
7856,14.0,ppo_framestack_pomdp,3
7864,18.0,ppo_framestack_pomdp,3
7920,16.0,ppo_framestack_pomdp,3
7928,15.0,ppo_framestack_pomdp,3
7964,26.0,ppo_framestack_pomdp,3
8052,49.0,ppo_framestack_pomdp,3
8104,45.0,ppo_framestack_pomdp,3
8104,12.0,ppo_framestack_pomdp,3
8108,44.0,ppo_framestack_pomdp,3
8128,40.0,ppo_framestack_pomdp,3
8184,19.0,ppo_framestack_pomdp,3
8216,21.0,ppo_framestack_pomdp,3
8268,20.0,ppo_framestack_pomdp,3
8300,48.0,ppo_framestack_pomdp,3
8308,9.0,ppo_framestack_pomdp,3
8308,49.0,ppo_framestack_pomdp,3
8348,9.0,ppo_framestack_pomdp,3
8356,34.0,ppo_framestack_pomdp,3
8376,16.0,ppo_framestack_pomdp,3
8480,25.0,ppo_framestack_pomdp,3
8532,12.0,ppo_framestack_pomdp,3
8540,45.0,ppo_framestack_pomdp,3
8572,67.0,ppo_framestack_pomdp,3
8608,16.0,ppo_framestack_pomdp,3
8620,11.0,ppo_framestack_pomdp,3
8620,67.0,ppo_framestack_pomdp,3
8644,27.0,ppo_framestack_pomdp,3
8696,12.0,ppo_framestack_pomdp,3
8716,26.0,ppo_framestack_pomdp,3
8792,23.0,ppo_framestack_pomdp,3
8848,56.0,ppo_framestack_pomdp,3
8856,15.0,ppo_framestack_pomdp,3
8872,62.0,ppo_framestack_pomdp,3
8964,61.0,ppo_framestack_pomdp,3
8972,30.0,ppo_framestack_pomdp,3
8996,30.0,ppo_framestack_pomdp,3
9040,16.0,ppo_framestack_pomdp,3
9076,54.0,ppo_framestack_pomdp,3
9108,27.0,ppo_framestack_pomdp,3
9116,18.0,ppo_framestack_pomdp,3
9180,53.0,ppo_framestack_pomdp,3
9264,38.0,ppo_framestack_pomdp,3
9272,48.0,ppo_framestack_pomdp,3
9336,54.0,ppo_framestack_pomdp,3
9384,50.0,ppo_framestack_pomdp,3
9416,37.0,ppo_framestack_pomdp,3
9492,54.0,ppo_framestack_pomdp,3
9500,28.0,ppo_framestack_pomdp,3
9512,43.0,ppo_framestack_pomdp,3
9556,15.0,ppo_framestack_pomdp,3
9564,12.0,ppo_framestack_pomdp,3
9580,40.0,ppo_framestack_pomdp,3
9604,11.0,ppo_framestack_pomdp,3
9640,34.0,ppo_framestack_pomdp,3
9768,40.0,ppo_framestack_pomdp,3
9788,51.0,ppo_framestack_pomdp,3
9796,38.0,ppo_framestack_pomdp,3
9828,14.0,ppo_framestack_pomdp,3
9836,67.0,ppo_framestack_pomdp,3
9860,17.0,ppo_framestack_pomdp,3
9900,17.0,ppo_framestack_pomdp,3
9964,15.0,ppo_framestack_pomdp,3
9996,39.0,ppo_framestack_pomdp,3
10008,52.0,ppo_framestack_pomdp,3
10068,14.0,ppo_framestack_pomdp,3
10136,16.0,ppo_framestack_pomdp,3
10144,70.0,ppo_framestack_pomdp,3
10180,45.0,ppo_framestack_pomdp,3
10184,54.0,ppo_framestack_pomdp,3
10192,11.0,ppo_framestack_pomdp,3
10284,25.0,ppo_framestack_pomdp,3
10356,54.0,ppo_framestack_pomdp,3
10356,17.0,ppo_framestack_pomdp,3
10392,49.0,ppo_framestack_pomdp,3
10408,12.0,ppo_framestack_pomdp,3
10484,74.0,ppo_framestack_pomdp,3
10520,40.0,ppo_framestack_pomdp,3
10524,32.0,ppo_framestack_pomdp,3
10564,38.0,ppo_framestack_pomdp,3
10668,36.0,ppo_framestack_pomdp,3
10700,53.0,ppo_framestack_pomdp,3
10708,35.0,ppo_framestack_pomdp,3
10740,17.0,ppo_framestack_pomdp,3
10776,62.0,ppo_framestack_pomdp,3
10796,13.0,ppo_framestack_pomdp,3
10920,30.0,ppo_framestack_pomdp,3
10924,53.0,ppo_framestack_pomdp,3
10924,55.0,ppo_framestack_pomdp,3
10972,12.0,ppo_framestack_pomdp,3
10980,13.0,ppo_framestack_pomdp,3
10988,15.0,ppo_framestack_pomdp,3
11012,58.0,ppo_framestack_pomdp,3
11020,11.0,ppo_framestack_pomdp,3
11072,14.0,ppo_framestack_pomdp,3
11152,42.0,ppo_framestack_pomdp,3
11172,37.0,ppo_framestack_pomdp,3
11196,51.0,ppo_framestack_pomdp,3
11216,35.0,ppo_framestack_pomdp,3
11256,25.0,ppo_framestack_pomdp,3
11280,15.0,ppo_framestack_pomdp,3
11296,24.0,ppo_framestack_pomdp,3
11332,12.0,ppo_framestack_pomdp,3
11384,52.0,ppo_framestack_pomdp,3
11388,13.0,ppo_framestack_pomdp,3
11404,26.0,ppo_framestack_pomdp,3
11452,48.0,ppo_framestack_pomdp,3
11464,18.0,ppo_framestack_pomdp,3
11492,26.0,ppo_framestack_pomdp,3
11504,12.0,ppo_framestack_pomdp,3
11544,34.0,ppo_framestack_pomdp,3
11596,22.0,ppo_framestack_pomdp,3
11648,38.0,ppo_framestack_pomdp,3
11692,56.0,ppo_framestack_pomdp,3
11708,40.0,ppo_framestack_pomdp,3
11716,29.0,ppo_framestack_pomdp,3
11760,27.0,ppo_framestack_pomdp,3
11800,26.0,ppo_framestack_pomdp,3
11828,29.0,ppo_framestack_pomdp,3
11876,18.0,ppo_framestack_pomdp,3
11936,54.0,ppo_framestack_pomdp,3
11948,29.0,ppo_framestack_pomdp,3
11968,51.0,ppo_framestack_pomdp,3
12072,33.0,ppo_framestack_pomdp,3
12104,33.0,ppo_framestack_pomdp,3
12144,66.0,ppo_framestack_pomdp,3
12164,14.0,ppo_framestack_pomdp,3
12200,13.0,ppo_framestack_pomdp,3
12236,17.0,ppo_framestack_pomdp,3
12308,89.0,ppo_framestack_pomdp,3
12332,64.0,ppo_framestack_pomdp,3
12384,36.0,ppo_framestack_pomdp,3
12412,52.0,ppo_framestack_pomdp,3
12424,22.0,ppo_framestack_pomdp,3
12468,20.0,ppo_framestack_pomdp,3
12476,12.0,ppo_framestack_pomdp,3
12492,45.0,ppo_framestack_pomdp,3
12524,13.0,ppo_framestack_pomdp,3
12568,38.0,ppo_framestack_pomdp,3
12704,52.0,ppo_framestack_pomdp,3
12708,45.0,ppo_framestack_pomdp,3
12724,38.0,ppo_framestack_pomdp,3
12768,14.0,ppo_framestack_pomdp,3
12780,13.0,ppo_framestack_pomdp,3
12844,18.0,ppo_framestack_pomdp,3
12852,93.0,ppo_framestack_pomdp,3
12912,32.0,ppo_framestack_pomdp,3
12972,14.0,ppo_framestack_pomdp,3
13016,42.0,ppo_framestack_pomdp,3
13036,45.0,ppo_framestack_pomdp,3
13044,17.0,ppo_framestack_pomdp,3
13120,25.0,ppo_framestack_pomdp,3
13176,13.0,ppo_framestack_pomdp,3
13180,118.0,ppo_framestack_pomdp,3
13196,37.0,ppo_framestack_pomdp,3
13224,46.0,ppo_framestack_pomdp,3
13248,16.0,ppo_framestack_pomdp,3
13248,12.0,ppo_framestack_pomdp,3
13296,29.0,ppo_framestack_pomdp,3
13320,17.0,ppo_framestack_pomdp,3
13364,34.0,ppo_framestack_pomdp,3
13412,22.0,ppo_framestack_pomdp,3
13440,35.0,ppo_framestack_pomdp,3
13460,23.0,ppo_framestack_pomdp,3
13464,53.0,ppo_framestack_pomdp,3
13488,18.0,ppo_framestack_pomdp,3
13560,24.0,ppo_framestack_pomdp,3
13564,18.0,ppo_framestack_pomdp,3
13568,31.0,ppo_framestack_pomdp,3
13568,25.0,ppo_framestack_pomdp,3
13612,12.0,ppo_framestack_pomdp,3
13660,22.0,ppo_framestack_pomdp,3
13740,31.0,ppo_framestack_pomdp,3
13748,44.0,ppo_framestack_pomdp,3
13804,59.0,ppo_framestack_pomdp,3
13836,43.0,ppo_framestack_pomdp,3
13888,12.0,ppo_framestack_pomdp,3
13916,41.0,ppo_framestack_pomdp,3
14012,23.0,ppo_framestack_pomdp,3
14048,60.0,ppo_framestack_pomdp,3
14064,80.0,ppo_framestack_pomdp,3
14100,52.0,ppo_framestack_pomdp,3
14152,12.0,ppo_framestack_pomdp,3
14164,28.0,ppo_framestack_pomdp,3
14236,55.0,ppo_framestack_pomdp,3
14272,29.0,ppo_framestack_pomdp,3
14340,16.0,ppo_framestack_pomdp,3
14344,69.0,ppo_framestack_pomdp,3
14360,30.0,ppo_framestack_pomdp,3
14384,54.0,ppo_framestack_pomdp,3
14436,18.0,ppo_framestack_pomdp,3
14440,24.0,ppo_framestack_pomdp,3
14492,12.0,ppo_framestack_pomdp,3
14532,46.0,ppo_framestack_pomdp,3
14552,41.0,ppo_framestack_pomdp,3
14596,39.0,ppo_framestack_pomdp,3
14604,27.0,ppo_framestack_pomdp,3
14660,31.0,ppo_framestack_pomdp,3
14696,35.0,ppo_framestack_pomdp,3
14716,29.0,ppo_framestack_pomdp,3
14752,22.0,ppo_framestack_pomdp,3
14848,32.0,ppo_framestack_pomdp,3
14852,61.0,ppo_framestack_pomdp,3
14896,35.0,ppo_framestack_pomdp,3
14920,55.0,ppo_framestack_pomdp,3
15084,57.0,ppo_framestack_pomdp,3
15116,66.0,ppo_framestack_pomdp,3
15144,55.0,ppo_framestack_pomdp,3
15184,24.0,ppo_framestack_pomdp,3
15204,76.0,ppo_framestack_pomdp,3
15228,20.0,ppo_framestack_pomdp,3
15244,31.0,ppo_framestack_pomdp,3
15300,17.0,ppo_framestack_pomdp,3
15316,32.0,ppo_framestack_pomdp,3
15340,33.0,ppo_framestack_pomdp,3
15400,20.0,ppo_framestack_pomdp,3
15400,24.0,ppo_framestack_pomdp,3
15408,16.0,ppo_framestack_pomdp,3
15432,46.0,ppo_framestack_pomdp,3
15460,14.0,ppo_framestack_pomdp,3
15512,27.0,ppo_framestack_pomdp,3
15532,30.0,ppo_framestack_pomdp,3
15580,29.0,ppo_framestack_pomdp,3
15584,37.0,ppo_framestack_pomdp,3
15620,21.0,ppo_framestack_pomdp,3
15684,15.0,ppo_framestack_pomdp,3
15712,32.0,ppo_framestack_pomdp,3
15756,42.0,ppo_framestack_pomdp,3
15792,69.0,ppo_framestack_pomdp,3
15804,11.0,ppo_framestack_pomdp,3
15840,31.0,ppo_framestack_pomdp,3
15872,16.0,ppo_framestack_pomdp,3
15880,21.0,ppo_framestack_pomdp,3
15888,50.0,ppo_framestack_pomdp,3
15892,12.0,ppo_framestack_pomdp,3
15984,22.0,ppo_framestack_pomdp,3
16036,36.0,ppo_framestack_pomdp,3
16044,40.0,ppo_framestack_pomdp,3
16052,16.0,ppo_framestack_pomdp,3
16100,56.0,ppo_framestack_pomdp,3
16148,27.0,ppo_framestack_pomdp,3
16180,33.0,ppo_framestack_pomdp,3
16208,26.0,ppo_framestack_pomdp,3
16256,26.0,ppo_framestack_pomdp,3
16364,45.0,ppo_framestack_pomdp,3
16388,44.0,ppo_framestack_pomdp,3
16412,89.0,ppo_framestack_pomdp,3
16440,18.0,ppo_framestack_pomdp,3
16520,19.0,ppo_framestack_pomdp,3
16528,67.0,ppo_framestack_pomdp,3
16528,28.0,ppo_framestack_pomdp,3
16576,46.0,ppo_framestack_pomdp,3
16588,16.0,ppo_framestack_pomdp,3
16640,15.0,ppo_framestack_pomdp,3
16772,60.0,ppo_framestack_pomdp,3
16776,46.0,ppo_framestack_pomdp,3
16820,11.0,ppo_framestack_pomdp,3
16824,73.0,ppo_framestack_pomdp,3
16832,13.0,ppo_framestack_pomdp,3
16872,57.0,ppo_framestack_pomdp,3
16952,29.0,ppo_framestack_pomdp,3
16996,43.0,ppo_framestack_pomdp,3
17016,15.0,ppo_framestack_pomdp,3
17044,11.0,ppo_framestack_pomdp,3
17060,58.0,ppo_framestack_pomdp,3
17096,55.0,ppo_framestack_pomdp,3
17192,32.0,ppo_framestack_pomdp,3
17240,55.0,ppo_framestack_pomdp,3
17248,37.0,ppo_framestack_pomdp,3
17252,51.0,ppo_framestack_pomdp,3
17356,40.0,ppo_framestack_pomdp,3
17368,31.0,ppo_framestack_pomdp,3
17440,46.0,ppo_framestack_pomdp,3
17480,57.0,ppo_framestack_pomdp,3
17532,12.0,ppo_framestack_pomdp,3
17544,43.0,ppo_framestack_pomdp,3
17572,32.0,ppo_framestack_pomdp,3
17592,58.0,ppo_framestack_pomdp,3
17684,22.0,ppo_framestack_pomdp,3
17732,46.0,ppo_framestack_pomdp,3
17732,49.0,ppo_framestack_pomdp,3
17760,18.0,ppo_framestack_pomdp,3
17780,11.0,ppo_framestack_pomdp,3
17788,13.0,ppo_framestack_pomdp,3
17796,55.0,ppo_framestack_pomdp,3
17884,30.0,ppo_framestack_pomdp,3
17920,30.0,ppo_framestack_pomdp,3
17944,38.0,ppo_framestack_pomdp,3
17964,45.0,ppo_framestack_pomdp,3
18024,14.0,ppo_framestack_pomdp,3
18076,32.0,ppo_framestack_pomdp,3
18156,58.0,ppo_framestack_pomdp,3
18220,48.0,ppo_framestack_pomdp,3
18288,32.0,ppo_framestack_pomdp,3
18296,102.0,ppo_framestack_pomdp,3
18316,23.0,ppo_framestack_pomdp,3
18324,61.0,ppo_framestack_pomdp,3
18368,17.0,ppo_framestack_pomdp,3
18376,14.0,ppo_framestack_pomdp,3
18520,35.0,ppo_framestack_pomdp,3
18524,38.0,ppo_framestack_pomdp,3
18560,67.0,ppo_framestack_pomdp,3
18588,65.0,ppo_framestack_pomdp,3
18656,32.0,ppo_framestack_pomdp,3
18656,33.0,ppo_framestack_pomdp,3
18752,40.0,ppo_framestack_pomdp,3
18804,60.0,ppo_framestack_pomdp,3
18884,56.0,ppo_framestack_pomdp,3
18896,59.0,ppo_framestack_pomdp,3
18912,39.0,ppo_framestack_pomdp,3
18932,31.0,ppo_framestack_pomdp,3
18952,16.0,ppo_framestack_pomdp,3
18980,16.0,ppo_framestack_pomdp,3
18980,20.0,ppo_framestack_pomdp,3
19032,19.0,ppo_framestack_pomdp,3
19076,23.0,ppo_framestack_pomdp,3
19100,41.0,ppo_framestack_pomdp,3
19116,20.0,ppo_framestack_pomdp,3
19228,61.0,ppo_framestack_pomdp,3
19252,37.0,ppo_framestack_pomdp,3
19292,15.0,ppo_framestack_pomdp,3
19328,52.0,ppo_framestack_pomdp,3
19336,64.0,ppo_framestack_pomdp,3
19352,14.0,ppo_framestack_pomdp,3
19412,39.0,ppo_framestack_pomdp,3
19420,22.0,ppo_framestack_pomdp,3
19444,22.0,ppo_framestack_pomdp,3
19468,11.0,ppo_framestack_pomdp,3
19492,11.0,ppo_framestack_pomdp,3
19520,45.0,ppo_framestack_pomdp,3
19568,24.0,ppo_framestack_pomdp,3
19600,46.0,ppo_framestack_pomdp,3
19612,10.0,ppo_framestack_pomdp,3
19632,27.0,ppo_framestack_pomdp,3
19656,13.0,ppo_framestack_pomdp,3
19708,18.0,ppo_framestack_pomdp,3
19720,56.0,ppo_framestack_pomdp,3
19852,32.0,ppo_framestack_pomdp,3
19884,43.0,ppo_framestack_pomdp,3
19976,90.0,ppo_framestack_pomdp,3
20024,42.0,ppo_framestack_pomdp,3
20036,94.0,ppo_framestack_pomdp,3
20036,37.0,ppo_framestack_pomdp,3
20104,19.0,ppo_framestack_pomdp,3
20108,17.0,ppo_framestack_pomdp,3
20136,39.0,ppo_framestack_pomdp,3
20224,46.0,ppo_framestack_pomdp,3
20236,24.0,ppo_framestack_pomdp,3
20288,15.0,ppo_framestack_pomdp,3
20292,46.0,ppo_framestack_pomdp,3
20332,10.0,ppo_framestack_pomdp,3
20356,61.0,ppo_framestack_pomdp,3
20360,30.0,ppo_framestack_pomdp,3
20456,40.0,ppo_framestack_pomdp,3
20476,28.0,ppo_framestack_pomdp,3
20508,37.0,ppo_framestack_pomdp,3
20516,14.0,ppo_framestack_pomdp,3
20564,57.0,ppo_framestack_pomdp,3
20568,12.0,ppo_framestack_pomdp,3
20584,18.0,ppo_framestack_pomdp,3
20636,39.0,ppo_framestack_pomdp,3
20708,30.0,ppo_framestack_pomdp,3
20748,27.0,ppo_framestack_pomdp,3
20776,52.0,ppo_framestack_pomdp,3
20792,55.0,ppo_framestack_pomdp,3
20892,24.0,ppo_framestack_pomdp,3
20928,37.0,ppo_framestack_pomdp,3
20956,15.0,ppo_framestack_pomdp,3
20964,53.0,ppo_framestack_pomdp,3
21020,77.0,ppo_framestack_pomdp,3
21040,18.0,ppo_framestack_pomdp,3
21088,32.0,ppo_framestack_pomdp,3
21092,12.0,ppo_framestack_pomdp,3
21140,52.0,ppo_framestack_pomdp,3
21176,38.0,ppo_framestack_pomdp,3
21228,33.0,ppo_framestack_pomdp,3
21256,41.0,ppo_framestack_pomdp,3
21280,34.0,ppo_framestack_pomdp,3
21316,34.0,ppo_framestack_pomdp,3
21368,12.0,ppo_framestack_pomdp,3
21420,34.0,ppo_framestack_pomdp,3
21476,54.0,ppo_framestack_pomdp,3
21488,64.0,ppo_framestack_pomdp,3
21500,19.0,ppo_framestack_pomdp,3
21544,16.0,ppo_framestack_pomdp,3
21660,28.0,ppo_framestack_pomdp,3
21664,73.0,ppo_framestack_pomdp,3
21712,55.0,ppo_framestack_pomdp,3
21752,62.0,ppo_framestack_pomdp,3
21784,29.0,ppo_framestack_pomdp,3
21848,46.0,ppo_framestack_pomdp,3
21868,38.0,ppo_framestack_pomdp,3
21884,32.0,ppo_framestack_pomdp,3
21984,24.0,ppo_framestack_pomdp,3
22012,35.0,ppo_framestack_pomdp,3
22064,53.0,ppo_framestack_pomdp,3
22076,72.0,ppo_framestack_pomdp,3
22168,45.0,ppo_framestack_pomdp,3
22248,58.0,ppo_framestack_pomdp,3
22264,23.0,ppo_framestack_pomdp,3
22304,59.0,ppo_framestack_pomdp,3
22336,21.0,ppo_framestack_pomdp,3
22408,35.0,ppo_framestack_pomdp,3
22412,83.0,ppo_framestack_pomdp,3
22448,27.0,ppo_framestack_pomdp,3
22504,13.0,ppo_framestack_pomdp,3
22528,55.0,ppo_framestack_pomdp,3
22584,42.0,ppo_framestack_pomdp,3
22632,55.0,ppo_framestack_pomdp,3
22660,32.0,ppo_framestack_pomdp,3
22680,43.0,ppo_framestack_pomdp,3
22732,36.0,ppo_framestack_pomdp,3
22792,39.0,ppo_framestack_pomdp,3
22808,31.0,ppo_framestack_pomdp,3
22844,27.0,ppo_framestack_pomdp,3
22912,25.0,ppo_framestack_pomdp,3
22964,12.0,ppo_framestack_pomdp,3
23036,47.0,ppo_framestack_pomdp,3
23044,19.0,ppo_framestack_pomdp,3
23044,62.0,ppo_framestack_pomdp,3
23064,100.0,ppo_framestack_pomdp,3
23088,10.0,ppo_framestack_pomdp,3
23128,15.0,ppo_framestack_pomdp,3
23140,12.0,ppo_framestack_pomdp,3
23188,35.0,ppo_framestack_pomdp,3
23204,15.0,ppo_framestack_pomdp,3
23208,42.0,ppo_framestack_pomdp,3
23320,47.0,ppo_framestack_pomdp,3
23376,41.0,ppo_framestack_pomdp,3
23388,16.0,ppo_framestack_pomdp,3
23432,56.0,ppo_framestack_pomdp,3
23492,14.0,ppo_framestack_pomdp,3
23504,28.0,ppo_framestack_pomdp,3
23540,87.0,ppo_framestack_pomdp,3
23544,41.0,ppo_framestack_pomdp,3
23592,12.0,ppo_framestack_pomdp,3
23600,23.0,ppo_framestack_pomdp,3
23700,38.0,ppo_framestack_pomdp,3
23704,52.0,ppo_framestack_pomdp,3
23788,21.0,ppo_framestack_pomdp,3
23792,21.0,ppo_framestack_pomdp,3
23832,59.0,ppo_framestack_pomdp,3
23856,16.0,ppo_framestack_pomdp,3
23876,10.0,ppo_framestack_pomdp,3
23900,74.0,ppo_framestack_pomdp,3
23948,38.0,ppo_framestack_pomdp,3
23984,26.0,ppo_framestack_pomdp,3
24032,20.0,ppo_framestack_pomdp,3
24032,32.0,ppo_framestack_pomdp,3
24064,51.0,ppo_framestack_pomdp,3
24076,22.0,ppo_framestack_pomdp,3
24088,13.0,ppo_framestack_pomdp,3
24168,33.0,ppo_framestack_pomdp,3
24192,31.0,ppo_framestack_pomdp,3
24224,33.0,ppo_framestack_pomdp,3
24320,60.0,ppo_framestack_pomdp,3
24328,25.0,ppo_framestack_pomdp,3
24380,46.0,ppo_framestack_pomdp,3
24416,23.0,ppo_framestack_pomdp,3
24480,37.0,ppo_framestack_pomdp,3
24528,89.0,ppo_framestack_pomdp,3
24592,52.0,ppo_framestack_pomdp,3
24652,14.0,ppo_framestack_pomdp,3
24660,44.0,ppo_framestack_pomdp,3
24736,79.0,ppo_framestack_pomdp,3
24768,26.0,ppo_framestack_pomdp,3
24800,15.0,ppo_framestack_pomdp,3
24820,12.0,ppo_framestack_pomdp,3
24868,84.0,ppo_framestack_pomdp,3
24932,69.0,ppo_framestack_pomdp,3
24976,26.0,ppo_framestack_pomdp,3
24996,48.0,ppo_framestack_pomdp,3
25012,47.0,ppo_framestack_pomdp,3
25024,11.0,ppo_framestack_pomdp,3
25056,30.0,ppo_framestack_pomdp,3
25120,23.0,ppo_framestack_pomdp,3
25132,29.0,ppo_framestack_pomdp,3
25200,16.0,ppo_framestack_pomdp,3
25204,51.0,ppo_framestack_pomdp,3
25224,41.0,ppo_framestack_pomdp,3
25264,14.0,ppo_framestack_pomdp,3
25268,36.0,ppo_framestack_pomdp,3
25328,31.0,ppo_framestack_pomdp,3
25364,23.0,ppo_framestack_pomdp,3
25460,48.0,ppo_framestack_pomdp,3
25488,65.0,ppo_framestack_pomdp,3
25524,48.0,ppo_framestack_pomdp,3
25528,16.0,ppo_framestack_pomdp,3
25544,44.0,ppo_framestack_pomdp,3
25620,32.0,ppo_framestack_pomdp,3
25664,29.0,ppo_framestack_pomdp,3
25712,46.0,ppo_framestack_pomdp,3
25720,47.0,ppo_framestack_pomdp,3
25732,27.0,ppo_framestack_pomdp,3
25756,22.0,ppo_framestack_pomdp,3
25800,19.0,ppo_framestack_pomdp,3
25808,18.0,ppo_framestack_pomdp,3
25836,30.0,ppo_framestack_pomdp,3
25864,13.0,ppo_framestack_pomdp,3
25912,38.0,ppo_framestack_pomdp,3
25976,34.0,ppo_framestack_pomdp,3
25980,16.0,ppo_framestack_pomdp,3
26052,46.0,ppo_framestack_pomdp,3
26068,21.0,ppo_framestack_pomdp,3
26080,69.0,ppo_framestack_pomdp,3
26140,17.0,ppo_framestack_pomdp,3
26180,50.0,ppo_framestack_pomdp,3
26200,29.0,ppo_framestack_pomdp,3
26320,34.0,ppo_framestack_pomdp,3
26336,48.0,ppo_framestack_pomdp,3
26380,44.0,ppo_framestack_pomdp,3
26380,81.0,ppo_framestack_pomdp,3
26420,24.0,ppo_framestack_pomdp,3
26432,12.0,ppo_framestack_pomdp,3
26456,29.0,ppo_framestack_pomdp,3
26504,20.0,ppo_framestack_pomdp,3
26580,30.0,ppo_framestack_pomdp,3
26628,61.0,ppo_framestack_pomdp,3
26644,52.0,ppo_framestack_pomdp,3
26696,16.0,ppo_framestack_pomdp,3
26724,35.0,ppo_framestack_pomdp,3
26736,57.0,ppo_framestack_pomdp,3
26772,31.0,ppo_framestack_pomdp,3
26800,18.0,ppo_framestack_pomdp,3
26836,34.0,ppo_framestack_pomdp,3
26876,25.0,ppo_framestack_pomdp,3
26884,36.0,ppo_framestack_pomdp,3
26888,21.0,ppo_framestack_pomdp,3
27000,27.0,ppo_framestack_pomdp,3
27004,29.0,ppo_framestack_pomdp,3
27020,45.0,ppo_framestack_pomdp,3
27036,39.0,ppo_framestack_pomdp,3
27112,18.0,ppo_framestack_pomdp,3
27192,46.0,ppo_framestack_pomdp,3
27252,57.0,ppo_framestack_pomdp,3
27356,88.0,ppo_framestack_pomdp,3
27360,41.0,ppo_framestack_pomdp,3
27392,69.0,ppo_framestack_pomdp,3
27432,44.0,ppo_framestack_pomdp,3
27464,25.0,ppo_framestack_pomdp,3
27544,46.0,ppo_framestack_pomdp,3
27560,23.0,ppo_framestack_pomdp,3
27628,58.0,ppo_framestack_pomdp,3
27664,57.0,ppo_framestack_pomdp,3
27684,30.0,ppo_framestack_pomdp,3
27696,37.0,ppo_framestack_pomdp,3
27724,23.0,ppo_framestack_pomdp,3
27800,18.0,ppo_framestack_pomdp,3
27824,31.0,ppo_framestack_pomdp,3
27876,47.0,ppo_framestack_pomdp,3
27884,54.0,ppo_framestack_pomdp,3
27952,31.0,ppo_framestack_pomdp,3
27964,21.0,ppo_framestack_pomdp,3
27996,27.0,ppo_framestack_pomdp,3
28012,14.0,ppo_framestack_pomdp,3
28020,54.0,ppo_framestack_pomdp,3
28160,48.0,ppo_framestack_pomdp,3
28196,49.0,ppo_framestack_pomdp,3
28272,64.0,ppo_framestack_pomdp,3
28304,35.0,ppo_framestack_pomdp,3
28352,11.0,ppo_framestack_pomdp,3
28368,42.0,ppo_framestack_pomdp,3
28388,28.0,ppo_framestack_pomdp,3
28440,104.0,ppo_framestack_pomdp,3
28464,23.0,ppo_framestack_pomdp,3
28484,32.0,ppo_framestack_pomdp,3
28528,34.0,ppo_framestack_pomdp,3
28528,10.0,ppo_framestack_pomdp,3
28544,19.0,ppo_framestack_pomdp,3
28612,42.0,ppo_framestack_pomdp,3
28660,32.0,ppo_framestack_pomdp,3
28696,37.0,ppo_framestack_pomdp,3
28700,42.0,ppo_framestack_pomdp,3
28708,23.0,ppo_framestack_pomdp,3
28752,12.0,ppo_framestack_pomdp,3
28756,14.0,ppo_framestack_pomdp,3
28856,36.0,ppo_framestack_pomdp,3
28868,51.0,ppo_framestack_pomdp,3
28884,32.0,ppo_framestack_pomdp,3
28928,14.0,ppo_framestack_pomdp,3
28948,22.0,ppo_framestack_pomdp,3
29016,32.0,ppo_framestack_pomdp,3
29056,31.0,ppo_framestack_pomdp,3
29064,76.0,ppo_framestack_pomdp,3
29136,29.0,ppo_framestack_pomdp,3
29136,46.0,ppo_framestack_pomdp,3
29256,29.0,ppo_framestack_pomdp,3
29268,32.0,ppo_framestack_pomdp,3
29280,53.0,ppo_framestack_pomdp,3
29372,25.0,ppo_framestack_pomdp,3
29400,85.0,ppo_framestack_pomdp,3
29412,38.0,ppo_framestack_pomdp,3
29424,12.0,ppo_framestack_pomdp,3
29456,10.0,ppo_framestack_pomdp,3
29464,15.0,ppo_framestack_pomdp,3
29500,54.0,ppo_framestack_pomdp,3
29548,30.0,ppo_framestack_pomdp,3
29576,29.0,ppo_framestack_pomdp,3
29580,19.0,ppo_framestack_pomdp,3
29600,12.0,ppo_framestack_pomdp,3
29656,47.0,ppo_framestack_pomdp,3
29728,17.0,ppo_framestack_pomdp,3
29764,40.0,ppo_framestack_pomdp,3
29820,59.0,ppo_framestack_pomdp,3
29828,15.0,ppo_framestack_pomdp,3
29872,35.0,ppo_framestack_pomdp,3
29972,24.0,ppo_framestack_pomdp,3
29992,103.0,ppo_framestack_pomdp,3
30000,44.0,ppo_framestack_pomdp,3
30036,15.0,ppo_framestack_pomdp,3
30052,14.0,ppo_framestack_pomdp,3
30056,56.0,ppo_framestack_pomdp,3
30196,35.0,ppo_framestack_pomdp,3
30216,53.0,ppo_framestack_pomdp,3
30252,53.0,ppo_framestack_pomdp,3
30276,54.0,ppo_framestack_pomdp,3
30320,25.0,ppo_framestack_pomdp,3
30332,13.0,ppo_framestack_pomdp,3
30416,23.0,ppo_framestack_pomdp,3
30428,43.0,ppo_framestack_pomdp,3
30436,59.0,ppo_framestack_pomdp,3
30512,18.0,ppo_framestack_pomdp,3
30576,60.0,ppo_framestack_pomdp,3
30588,18.0,ppo_framestack_pomdp,3
30608,44.0,ppo_framestack_pomdp,3
30628,52.0,ppo_framestack_pomdp,3
30692,15.0,ppo_framestack_pomdp,3
30700,30.0,ppo_framestack_pomdp,3
30736,36.0,ppo_framestack_pomdp,3
30756,36.0,ppo_framestack_pomdp,3
30764,17.0,ppo_framestack_pomdp,3
30780,19.0,ppo_framestack_pomdp,3
30848,22.0,ppo_framestack_pomdp,3
30900,33.0,ppo_framestack_pomdp,3
30924,46.0,ppo_framestack_pomdp,3
30956,43.0,ppo_framestack_pomdp,3
31012,13.0,ppo_framestack_pomdp,3
31064,34.0,ppo_framestack_pomdp,3
31068,54.0,ppo_framestack_pomdp,3
31132,15.0,ppo_framestack_pomdp,3
31152,34.0,ppo_framestack_pomdp,3
31180,28.0,ppo_framestack_pomdp,3
31232,82.0,ppo_framestack_pomdp,3
31244,27.0,ppo_framestack_pomdp,3
31320,41.0,ppo_framestack_pomdp,3
31384,37.0,ppo_framestack_pomdp,3
31392,36.0,ppo_framestack_pomdp,3
31476,20.0,ppo_framestack_pomdp,3
31480,39.0,ppo_framestack_pomdp,3
31528,35.0,ppo_framestack_pomdp,3
31552,92.0,ppo_framestack_pomdp,3
31572,22.0,ppo_framestack_pomdp,3
31644,22.0,ppo_framestack_pomdp,3
31672,48.0,ppo_framestack_pomdp,3
31720,47.0,ppo_framestack_pomdp,3
31748,43.0,ppo_framestack_pomdp,3
31808,14.0,ppo_framestack_pomdp,3
31820,43.0,ppo_framestack_pomdp,3
31844,30.0,ppo_framestack_pomdp,3
31872,15.0,ppo_framestack_pomdp,3
31880,51.0,ppo_framestack_pomdp,3
31928,13.0,ppo_framestack_pomdp,3
31996,28.0,ppo_framestack_pomdp,3
32028,45.0,ppo_framestack_pomdp,3
32036,26.0,ppo_framestack_pomdp,3
32044,55.0,ppo_framestack_pomdp,3
32096,14.0,ppo_framestack_pomdp,3
32128,32.0,ppo_framestack_pomdp,3
32164,29.0,ppo_framestack_pomdp,3
32204,18.0,ppo_framestack_pomdp,3
32268,42.0,ppo_framestack_pomdp,3
32276,27.0,ppo_framestack_pomdp,3
32320,72.0,ppo_framestack_pomdp,3
32328,14.0,ppo_framestack_pomdp,3
32348,35.0,ppo_framestack_pomdp,3
32372,23.0,ppo_framestack_pomdp,3
32380,12.0,ppo_framestack_pomdp,3
32400,19.0,ppo_framestack_pomdp,3
32436,15.0,ppo_framestack_pomdp,3
32476,18.0,ppo_framestack_pomdp,3
32504,16.0,ppo_framestack_pomdp,3
32512,32.0,ppo_framestack_pomdp,3
32540,47.0,ppo_framestack_pomdp,3
32588,11.0,ppo_framestack_pomdp,3
32600,30.0,ppo_framestack_pomdp,3
32612,26.0,ppo_framestack_pomdp,3
32692,44.0,ppo_framestack_pomdp,3
32744,32.0,ppo_framestack_pomdp,3
32748,39.0,ppo_framestack_pomdp,3
32764,40.0,ppo_framestack_pomdp,3
32824,32.0,ppo_framestack_pomdp,3
32836,21.0,ppo_framestack_pomdp,3
32888,35.0,ppo_framestack_pomdp,3
32932,41.0,ppo_framestack_pomdp,3
32992,25.0,ppo_framestack_pomdp,3
33036,49.0,ppo_framestack_pomdp,3
33096,67.0,ppo_framestack_pomdp,3
33120,31.0,ppo_framestack_pomdp,3
33132,49.0,ppo_framestack_pomdp,3
33180,20.0,ppo_framestack_pomdp,3
33220,21.0,ppo_framestack_pomdp,3
33264,56.0,ppo_framestack_pomdp,3
33320,49.0,ppo_framestack_pomdp,3
33380,14.0,ppo_framestack_pomdp,3
33424,50.0,ppo_framestack_pomdp,3
33440,43.0,ppo_framestack_pomdp,3
33464,70.0,ppo_framestack_pomdp,3
33492,16.0,ppo_framestack_pomdp,3
33568,46.0,ppo_framestack_pomdp,3
33656,47.0,ppo_framestack_pomdp,3
33728,58.0,ppo_framestack_pomdp,3
33768,81.0,ppo_framestack_pomdp,3
33828,42.0,ppo_framestack_pomdp,3
33848,69.0,ppo_framestack_pomdp,3
33900,12.0,ppo_framestack_pomdp,3
33912,45.0,ppo_framestack_pomdp,3
34044,32.0,ppo_framestack_pomdp,3
34060,57.0,ppo_framestack_pomdp,3
34072,42.0,ppo_framestack_pomdp,3
34104,83.0,ppo_framestack_pomdp,3
34204,35.0,ppo_framestack_pomdp,3
34208,25.0,ppo_framestack_pomdp,3
34264,47.0,ppo_framestack_pomdp,3
34304,24.0,ppo_framestack_pomdp,3
34404,34.0,ppo_framestack_pomdp,3
34408,25.0,ppo_framestack_pomdp,3
34412,50.0,ppo_framestack_pomdp,3
34432,96.0,ppo_framestack_pomdp,3
34512,25.0,ppo_framestack_pomdp,3
34560,11.0,ppo_framestack_pomdp,3
34572,39.0,ppo_framestack_pomdp,3
34632,56.0,ppo_framestack_pomdp,3
34756,80.0,ppo_framestack_pomdp,3
34772,49.0,ppo_framestack_pomdp,3
34824,65.0,ppo_framestack_pomdp,3
34876,60.0,ppo_framestack_pomdp,3
34964,51.0,ppo_framestack_pomdp,3
35016,47.0,ppo_framestack_pomdp,3
35020,61.0,ppo_framestack_pomdp,3
35048,42.0,ppo_framestack_pomdp,3
35052,21.0,ppo_framestack_pomdp,3
35124,25.0,ppo_framestack_pomdp,3
35148,32.0,ppo_framestack_pomdp,3
35204,19.0,ppo_framestack_pomdp,3
35204,13.0,ppo_framestack_pomdp,3
35244,47.0,ppo_framestack_pomdp,3
35348,35.0,ppo_framestack_pomdp,3
35352,36.0,ppo_framestack_pomdp,3
35404,13.0,ppo_framestack_pomdp,3
35432,46.0,ppo_framestack_pomdp,3
35508,114.0,ppo_framestack_pomdp,3
35532,31.0,ppo_framestack_pomdp,3
35560,31.0,ppo_framestack_pomdp,3
35640,32.0,ppo_framestack_pomdp,3
35692,12.0,ppo_framestack_pomdp,3
35712,37.0,ppo_framestack_pomdp,3
35740,51.0,ppo_framestack_pomdp,3
35776,15.0,ppo_framestack_pomdp,3
35812,114.0,ppo_framestack_pomdp,3
35880,16.0,ppo_framestack_pomdp,3
35892,37.0,ppo_framestack_pomdp,3
35908,53.0,ppo_framestack_pomdp,3
35916,34.0,ppo_framestack_pomdp,3
36024,26.0,ppo_framestack_pomdp,3
36048,38.0,ppo_framestack_pomdp,3
36120,59.0,ppo_framestack_pomdp,3
36128,54.0,ppo_framestack_pomdp,3
36180,38.0,ppo_framestack_pomdp,3
36200,17.0,ppo_framestack_pomdp,3
36208,39.0,ppo_framestack_pomdp,3
36252,17.0,ppo_framestack_pomdp,3
36256,13.0,ppo_framestack_pomdp,3
36316,48.0,ppo_framestack_pomdp,3
36324,17.0,ppo_framestack_pomdp,3
36336,31.0,ppo_framestack_pomdp,3
36428,22.0,ppo_framestack_pomdp,3
36460,33.0,ppo_framestack_pomdp,3
36508,62.0,ppo_framestack_pomdp,3
36512,48.0,ppo_framestack_pomdp,3
36528,24.0,ppo_framestack_pomdp,3
36584,13.0,ppo_framestack_pomdp,3
36612,37.0,ppo_framestack_pomdp,3
36692,26.0,ppo_framestack_pomdp,3
36700,21.0,ppo_framestack_pomdp,3
36748,13.0,ppo_framestack_pomdp,3
36776,18.0,ppo_framestack_pomdp,3
36780,66.0,ppo_framestack_pomdp,3
36816,76.0,ppo_framestack_pomdp,3
36848,24.0,ppo_framestack_pomdp,3
36892,27.0,ppo_framestack_pomdp,3
36924,36.0,ppo_framestack_pomdp,3
37076,64.0,ppo_framestack_pomdp,3
37092,60.0,ppo_framestack_pomdp,3
37092,49.0,ppo_framestack_pomdp,3
37128,12.0,ppo_framestack_pomdp,3
37140,11.0,ppo_framestack_pomdp,3
37144,54.0,ppo_framestack_pomdp,3
37284,34.0,ppo_framestack_pomdp,3
37300,39.0,ppo_framestack_pomdp,3
37328,49.0,ppo_framestack_pomdp,3
37344,62.0,ppo_framestack_pomdp,3
37356,13.0,ppo_framestack_pomdp,3
37408,12.0,ppo_framestack_pomdp,3
37436,26.0,ppo_framestack_pomdp,3
37524,44.0,ppo_framestack_pomdp,3
37524,21.0,ppo_framestack_pomdp,3
37528,29.0,ppo_framestack_pomdp,3
37564,69.0,ppo_framestack_pomdp,3
37564,9.0,ppo_framestack_pomdp,3
37628,15.0,ppo_framestack_pomdp,3
37652,31.0,ppo_framestack_pomdp,3
37672,10.0,ppo_framestack_pomdp,3
37676,27.0,ppo_framestack_pomdp,3
37704,43.0,ppo_framestack_pomdp,3
37808,38.0,ppo_framestack_pomdp,3
37820,28.0,ppo_framestack_pomdp,3
37912,58.0,ppo_framestack_pomdp,3
37916,60.0,ppo_framestack_pomdp,3
37952,35.0,ppo_framestack_pomdp,3
37980,39.0,ppo_framestack_pomdp,3
38016,15.0,ppo_framestack_pomdp,3
38024,27.0,ppo_framestack_pomdp,3
38096,19.0,ppo_framestack_pomdp,3
38124,35.0,ppo_framestack_pomdp,3
38156,32.0,ppo_framestack_pomdp,3
38212,13.0,ppo_framestack_pomdp,3
38244,36.0,ppo_framestack_pomdp,3
38292,41.0,ppo_framestack_pomdp,3
38360,16.0,ppo_framestack_pomdp,3
38496,62.0,ppo_framestack_pomdp,3
38524,77.0,ppo_framestack_pomdp,3
38548,157.0,ppo_framestack_pomdp,3
38596,24.0,ppo_framestack_pomdp,3
38624,24.0,ppo_framestack_pomdp,3
38736,93.0,ppo_framestack_pomdp,3
38752,50.0,ppo_framestack_pomdp,3
38808,52.0,ppo_framestack_pomdp,3
38844,54.0,ppo_framestack_pomdp,3
38892,20.0,ppo_framestack_pomdp,3
38904,37.0,ppo_framestack_pomdp,3
38936,49.0,ppo_framestack_pomdp,3
38960,28.0,ppo_framestack_pomdp,3
39056,29.0,ppo_framestack_pomdp,3
39072,27.0,ppo_framestack_pomdp,3
39080,46.0,ppo_framestack_pomdp,3
39124,54.0,ppo_framestack_pomdp,3
39208,37.0,ppo_framestack_pomdp,3
39232,39.0,ppo_framestack_pomdp,3
39232,37.0,ppo_framestack_pomdp,3
39268,35.0,ppo_framestack_pomdp,3
39296,15.0,ppo_framestack_pomdp,3
39384,28.0,ppo_framestack_pomdp,3
39384,43.0,ppo_framestack_pomdp,3
39416,29.0,ppo_framestack_pomdp,3
39520,33.0,ppo_framestack_pomdp,3
39580,48.0,ppo_framestack_pomdp,3
39600,91.0,ppo_framestack_pomdp,3
39640,55.0,ppo_framestack_pomdp,3
39676,18.0,ppo_framestack_pomdp,3
39756,58.0,ppo_framestack_pomdp,3
39756,43.0,ppo_framestack_pomdp,3
39816,43.0,ppo_framestack_pomdp,3
39876,14.0,ppo_framestack_pomdp,3
39876,49.0,ppo_framestack_pomdp,3
39888,32.0,ppo_framestack_pomdp,3
39904,36.0,ppo_framestack_pomdp,3
39996,29.0,ppo_framestack_pomdp,3
40068,47.0,ppo_framestack_pomdp,3
40068,40.0,ppo_framestack_pomdp,3
40164,41.0,ppo_framestack_pomdp,3
40188,74.0,ppo_framestack_pomdp,3
40200,32.0,ppo_framestack_pomdp,3
40288,30.0,ppo_framestack_pomdp,3
40320,29.0,ppo_framestack_pomdp,3
40356,41.0,ppo_framestack_pomdp,3
40384,15.0,ppo_framestack_pomdp,3
40468,99.0,ppo_framestack_pomdp,3
40472,28.0,ppo_framestack_pomdp,3
40476,46.0,ppo_framestack_pomdp,3
40616,57.0,ppo_framestack_pomdp,3
40624,38.0,ppo_framestack_pomdp,3
40692,16.0,ppo_framestack_pomdp,3
40748,68.0,ppo_framestack_pomdp,3
40816,49.0,ppo_framestack_pomdp,3
40852,93.0,ppo_framestack_pomdp,3
40852,39.0,ppo_framestack_pomdp,3
40928,27.0,ppo_framestack_pomdp,3
40956,25.0,ppo_framestack_pomdp,3
40992,34.0,ppo_framestack_pomdp,3
41064,78.0,ppo_framestack_pomdp,3
41120,47.0,ppo_framestack_pomdp,3
41128,42.0,ppo_framestack_pomdp,3
41280,37.0,ppo_framestack_pomdp,3
41288,55.0,ppo_framestack_pomdp,3
41336,53.0,ppo_framestack_pomdp,3
41408,31.0,ppo_framestack_pomdp,3
41456,41.0,ppo_framestack_pomdp,3
41464,31.0,ppo_framestack_pomdp,3
41508,12.0,ppo_framestack_pomdp,3
41536,31.0,ppo_framestack_pomdp,3
41540,136.0,ppo_framestack_pomdp,3
41560,23.0,ppo_framestack_pomdp,3
41580,10.0,ppo_framestack_pomdp,3
41672,27.0,ppo_framestack_pomdp,3
41676,23.0,ppo_framestack_pomdp,3
41720,52.0,ppo_framestack_pomdp,3
41760,54.0,ppo_framestack_pomdp,3
41772,12.0,ppo_framestack_pomdp,3
41832,39.0,ppo_framestack_pomdp,3
41836,39.0,ppo_framestack_pomdp,3
41876,28.0,ppo_framestack_pomdp,3
41932,24.0,ppo_framestack_pomdp,3
41996,15.0,ppo_framestack_pomdp,3
42024,36.0,ppo_framestack_pomdp,3
42052,13.0,ppo_framestack_pomdp,3
42080,60.0,ppo_framestack_pomdp,3
42104,82.0,ppo_framestack_pomdp,3
42148,16.0,ppo_framestack_pomdp,3
42172,36.0,ppo_framestack_pomdp,3
42324,43.0,ppo_framestack_pomdp,3
42340,58.0,ppo_framestack_pomdp,3
42388,53.0,ppo_framestack_pomdp,3
42460,17.0,ppo_framestack_pomdp,3
42484,107.0,ppo_framestack_pomdp,3
42540,19.0,ppo_framestack_pomdp,3
42544,14.0,ppo_framestack_pomdp,3
42604,65.0,ppo_framestack_pomdp,3
42616,72.0,ppo_framestack_pomdp,3
42680,18.0,ppo_framestack_pomdp,3
42732,46.0,ppo_framestack_pomdp,3
42736,48.0,ppo_framestack_pomdp,3
42772,38.0,ppo_framestack_pomdp,3
42828,23.0,ppo_framestack_pomdp,3
42876,34.0,ppo_framestack_pomdp,3
42936,40.0,ppo_framestack_pomdp,3
42964,70.0,ppo_framestack_pomdp,3
43028,49.0,ppo_framestack_pomdp,3
43168,72.0,ppo_framestack_pomdp,3
43196,41.0,ppo_framestack_pomdp,3
43284,79.0,ppo_framestack_pomdp,3
43332,98.0,ppo_framestack_pomdp,3
43336,34.0,ppo_framestack_pomdp,3
43416,61.0,ppo_framestack_pomdp,3
43528,60.0,ppo_framestack_pomdp,3
43540,51.0,ppo_framestack_pomdp,3
43572,10.0,ppo_framestack_pomdp,3
43620,19.0,ppo_framestack_pomdp,3
43728,97.0,ppo_framestack_pomdp,3
43784,91.0,ppo_framestack_pomdp,3
43808,58.0,ppo_framestack_pomdp,3
43820,22.0,ppo_framestack_pomdp,3
43832,52.0,ppo_framestack_pomdp,3
43880,11.0,ppo_framestack_pomdp,3
43904,29.0,ppo_framestack_pomdp,3
44000,29.0,ppo_framestack_pomdp,3
44048,35.0,ppo_framestack_pomdp,3
44100,24.0,ppo_framestack_pomdp,3
44116,76.0,ppo_framestack_pomdp,3
44152,82.0,ppo_framestack_pomdp,3
44156,13.0,ppo_framestack_pomdp,3
44180,15.0,ppo_framestack_pomdp,3
44216,15.0,ppo_framestack_pomdp,3
44420,59.0,ppo_framestack_pomdp,3
44432,95.0,ppo_framestack_pomdp,3
44448,72.0,ppo_framestack_pomdp,3
44480,11.0,ppo_framestack_pomdp,3
44568,21.0,ppo_framestack_pomdp,3
44608,46.0,ppo_framestack_pomdp,3
44672,113.0,ppo_framestack_pomdp,3
44744,33.0,ppo_framestack_pomdp,3
44748,44.0,ppo_framestack_pomdp,3
44772,24.0,ppo_framestack_pomdp,3
44852,100.0,ppo_framestack_pomdp,3
44892,29.0,ppo_framestack_pomdp,3
44904,39.0,ppo_framestack_pomdp,3
44964,53.0,ppo_framestack_pomdp,3
45032,34.0,ppo_framestack_pomdp,3
45116,52.0,ppo_framestack_pomdp,3
45152,74.0,ppo_framestack_pomdp,3
45196,57.0,ppo_framestack_pomdp,3
45224,26.0,ppo_framestack_pomdp,3
45316,40.0,ppo_framestack_pomdp,3
45392,41.0,ppo_framestack_pomdp,3
45400,91.0,ppo_framestack_pomdp,3
45432,28.0,ppo_framestack_pomdp,3
45456,15.0,ppo_framestack_pomdp,3
45552,37.0,ppo_framestack_pomdp,3
45560,25.0,ppo_framestack_pomdp,3
45584,37.0,ppo_framestack_pomdp,3
45636,109.0,ppo_framestack_pomdp,3
45652,24.0,ppo_framestack_pomdp,3
45712,37.0,ppo_framestack_pomdp,3
45752,24.0,ppo_framestack_pomdp,3
45784,49.0,ppo_framestack_pomdp,3
45788,37.0,ppo_framestack_pomdp,3
45848,15.0,ppo_framestack_pomdp,3
45880,31.0,ppo_framestack_pomdp,3
45924,33.0,ppo_framestack_pomdp,3
45988,34.0,ppo_framestack_pomdp,3
45996,70.0,ppo_framestack_pomdp,3
46040,12.0,ppo_framestack_pomdp,3
46144,36.0,ppo_framestack_pomdp,3
46200,39.0,ppo_framestack_pomdp,3
46272,31.0,ppo_framestack_pomdp,3
46376,43.0,ppo_framestack_pomdp,3
46468,146.0,ppo_framestack_pomdp,3
46472,23.0,ppo_framestack_pomdp,3
46516,147.0,ppo_framestack_pomdp,3
46664,47.0,ppo_framestack_pomdp,3
46736,66.0,ppo_framestack_pomdp,3
46744,117.0,ppo_framestack_pomdp,3
46788,30.0,ppo_framestack_pomdp,3
46852,15.0,ppo_framestack_pomdp,3
46876,34.0,ppo_framestack_pomdp,3
46900,95.0,ppo_framestack_pomdp,3
46904,39.0,ppo_framestack_pomdp,3
47008,32.0,ppo_framestack_pomdp,3
47008,25.0,ppo_framestack_pomdp,3
47020,41.0,ppo_framestack_pomdp,3
47064,13.0,ppo_framestack_pomdp,3
47080,44.0,ppo_framestack_pomdp,3
47092,17.0,ppo_framestack_pomdp,3
47216,30.0,ppo_framestack_pomdp,3
47252,46.0,ppo_framestack_pomdp,3
47324,26.0,ppo_framestack_pomdp,3
47332,19.0,ppo_framestack_pomdp,3
47400,79.0,ppo_framestack_pomdp,3
47416,22.0,ppo_framestack_pomdp,3
47456,30.0,ppo_framestack_pomdp,3
47460,112.0,ppo_framestack_pomdp,3
47468,16.0,ppo_framestack_pomdp,3
47676,54.0,ppo_framestack_pomdp,3
47684,53.0,ppo_framestack_pomdp,3
47728,66.0,ppo_framestack_pomdp,3
47856,42.0,ppo_framestack_pomdp,3
47888,117.0,ppo_framestack_pomdp,3
47912,58.0,ppo_framestack_pomdp,3
47920,15.0,ppo_framestack_pomdp,3
47948,54.0,ppo_framestack_pomdp,3
48000,12.0,ppo_framestack_pomdp,3
48048,33.0,ppo_framestack_pomdp,3
48144,63.0,ppo_framestack_pomdp,3
48160,39.0,ppo_framestack_pomdp,3
48172,30.0,ppo_framestack_pomdp,3
48200,13.0,ppo_framestack_pomdp,3
48204,10.0,ppo_framestack_pomdp,3
48232,14.0,ppo_framestack_pomdp,3
48272,17.0,ppo_framestack_pomdp,3
48288,13.0,ppo_framestack_pomdp,3
48304,95.0,ppo_framestack_pomdp,3
48392,21.0,ppo_framestack_pomdp,3
48420,53.0,ppo_framestack_pomdp,3
48424,33.0,ppo_framestack_pomdp,3
48460,46.0,ppo_framestack_pomdp,3
48504,19.0,ppo_framestack_pomdp,3
48532,27.0,ppo_framestack_pomdp,3
48608,18.0,ppo_framestack_pomdp,3
48632,59.0,ppo_framestack_pomdp,3
48640,44.0,ppo_framestack_pomdp,3
48660,38.0,ppo_framestack_pomdp,3
48752,35.0,ppo_framestack_pomdp,3
48760,31.0,ppo_framestack_pomdp,3
48784,35.0,ppo_framestack_pomdp,3
48880,54.0,ppo_framestack_pomdp,3
48884,30.0,ppo_framestack_pomdp,3
48892,26.0,ppo_framestack_pomdp,3
49004,27.0,ppo_framestack_pomdp,3
49008,31.0,ppo_framestack_pomdp,3
49068,78.0,ppo_framestack_pomdp,3
49116,57.0,ppo_framestack_pomdp,3
49120,28.0,ppo_framestack_pomdp,3
49132,15.0,ppo_framestack_pomdp,3
49224,53.0,ppo_framestack_pomdp,3
49240,30.0,ppo_framestack_pomdp,3
49404,70.0,ppo_framestack_pomdp,3
49460,58.0,ppo_framestack_pomdp,3
49468,83.0,ppo_framestack_pomdp,3
49576,42.0,ppo_framestack_pomdp,3
49680,109.0,ppo_framestack_pomdp,3
49780,79.0,ppo_framestack_pomdp,3
49792,53.0,ppo_framestack_pomdp,3
49816,33.0,ppo_framestack_pomdp,3
49916,111.0,ppo_framestack_pomdp,3
49964,11.0,ppo_framestack_pomdp,3
49964,42.0,ppo_framestack_pomdp,3
50024,14.0,ppo_framestack_pomdp,3
50064,24.0,ppo_framestack_pomdp,3
50068,10.0,ppo_framestack_pomdp,3
50164,24.0,ppo_framestack_pomdp,3
50196,94.0,ppo_framestack_pomdp,3
50212,35.0,ppo_framestack_pomdp,3
50216,108.0,ppo_framestack_pomdp,3
50304,26.0,ppo_framestack_pomdp,3
50328,40.0,ppo_framestack_pomdp,3
50336,29.0,ppo_framestack_pomdp,3
50356,35.0,ppo_framestack_pomdp,3
50480,43.0,ppo_framestack_pomdp,3
50496,41.0,ppo_framestack_pomdp,3
50528,11.0,ppo_framestack_pomdp,3
50540,50.0,ppo_framestack_pomdp,3
50556,49.0,ppo_framestack_pomdp,3
50580,12.0,ppo_framestack_pomdp,3
50644,21.0,ppo_framestack_pomdp,3
50672,32.0,ppo_framestack_pomdp,3
50736,59.0,ppo_framestack_pomdp,3
50736,38.0,ppo_framestack_pomdp,3
50872,33.0,ppo_framestack_pomdp,3
50896,39.0,ppo_framestack_pomdp,3
50932,71.0,ppo_framestack_pomdp,3
50960,21.0,ppo_framestack_pomdp,3
51028,88.0,ppo_framestack_pomdp,3
51032,24.0,ppo_framestack_pomdp,3
51076,28.0,ppo_framestack_pomdp,3
51168,67.0,ppo_framestack_pomdp,3
51184,38.0,ppo_framestack_pomdp,3
51196,29.0,ppo_framestack_pomdp,3
51240,17.0,ppo_framestack_pomdp,3
51268,20.0,ppo_framestack_pomdp,3
51440,49.0,ppo_framestack_pomdp,3
51460,47.0,ppo_framestack_pomdp,3
51544,86.0,ppo_framestack_pomdp,3
51572,32.0,ppo_framestack_pomdp,3
51588,138.0,ppo_framestack_pomdp,3
51632,14.0,ppo_framestack_pomdp,3
51680,33.0,ppo_framestack_pomdp,3
51684,23.0,ppo_framestack_pomdp,3
51740,13.0,ppo_framestack_pomdp,3
51776,35.0,ppo_framestack_pomdp,3
51840,15.0,ppo_framestack_pomdp,3
51860,99.0,ppo_framestack_pomdp,3
51892,37.0,ppo_framestack_pomdp,3
51940,64.0,ppo_framestack_pomdp,3
51944,12.0,ppo_framestack_pomdp,3
51984,30.0,ppo_framestack_pomdp,3
52000,39.0,ppo_framestack_pomdp,3
52092,37.0,ppo_framestack_pomdp,3
52116,28.0,ppo_framestack_pomdp,3
52132,46.0,ppo_framestack_pomdp,3
52164,17.0,ppo_framestack_pomdp,3
52224,14.0,ppo_framestack_pomdp,3
52276,39.0,ppo_framestack_pomdp,3
52324,47.0,ppo_framestack_pomdp,3
52344,16.0,ppo_framestack_pomdp,3
52384,39.0,ppo_framestack_pomdp,3
52436,112.0,ppo_framestack_pomdp,3
52448,25.0,ppo_framestack_pomdp,3
52456,17.0,ppo_framestack_pomdp,3
52456,32.0,ppo_framestack_pomdp,3
52488,12.0,ppo_framestack_pomdp,3
52544,21.0,ppo_framestack_pomdp,3
52584,33.0,ppo_framestack_pomdp,3
52624,33.0,ppo_framestack_pomdp,3
52712,21.0,ppo_framestack_pomdp,3
52764,54.0,ppo_framestack_pomdp,3
52768,13.0,ppo_framestack_pomdp,3
52824,91.0,ppo_framestack_pomdp,3
52828,15.0,ppo_framestack_pomdp,3
52884,13.0,ppo_framestack_pomdp,3
52936,87.0,ppo_framestack_pomdp,3
52948,44.0,ppo_framestack_pomdp,3
53064,44.0,ppo_framestack_pomdp,3
53120,73.0,ppo_framestack_pomdp,3
53152,50.0,ppo_framestack_pomdp,3
53164,24.0,ppo_framestack_pomdp,3
53176,13.0,ppo_framestack_pomdp,3
53200,65.0,ppo_framestack_pomdp,3
53392,56.0,ppo_framestack_pomdp,3
53412,64.0,ppo_framestack_pomdp,3
53580,94.0,ppo_framestack_pomdp,3
53584,42.0,ppo_framestack_pomdp,3
53720,34.0,ppo_framestack_pomdp,3
53752,143.0,ppo_framestack_pomdp,3
53820,24.0,ppo_framestack_pomdp,3
53824,107.0,ppo_framestack_pomdp,3
53948,90.0,ppo_framestack_pomdp,3
53956,50.0,ppo_framestack_pomdp,3
53972,36.0,ppo_framestack_pomdp,3
54048,22.0,ppo_framestack_pomdp,3
54092,29.0,ppo_framestack_pomdp,3
54100,12.0,ppo_framestack_pomdp,3
54156,15.0,ppo_framestack_pomdp,3
54184,58.0,ppo_framestack_pomdp,3
54284,115.0,ppo_framestack_pomdp,3
54320,40.0,ppo_framestack_pomdp,3
54412,31.0,ppo_framestack_pomdp,3
54436,28.0,ppo_framestack_pomdp,3
54524,21.0,ppo_framestack_pomdp,3
54560,114.0,ppo_framestack_pomdp,3
54600,46.0,ppo_framestack_pomdp,3
54652,116.0,ppo_framestack_pomdp,3
54724,30.0,ppo_framestack_pomdp,3
54832,44.0,ppo_framestack_pomdp,3
54920,48.0,ppo_framestack_pomdp,3
54964,100.0,ppo_framestack_pomdp,3
55080,28.0,ppo_framestack_pomdp,3
55116,147.0,ppo_framestack_pomdp,3
55296,44.0,ppo_framestack_pomdp,3
55296,93.0,ppo_framestack_pomdp,3
55332,62.0,ppo_framestack_pomdp,3
55380,136.0,ppo_framestack_pomdp,3
55460,31.0,ppo_framestack_pomdp,3
55460,40.0,ppo_framestack_pomdp,3
55504,51.0,ppo_framestack_pomdp,3
55516,33.0,ppo_framestack_pomdp,3
55560,24.0,ppo_framestack_pomdp,3
55564,14.0,ppo_framestack_pomdp,3
55648,21.0,ppo_framestack_pomdp,3
55764,28.0,ppo_framestack_pomdp,3
55800,58.0,ppo_framestack_pomdp,3
55800,84.0,ppo_framestack_pomdp,3
55856,13.0,ppo_framestack_pomdp,3
55872,26.0,ppo_framestack_pomdp,3
55924,101.0,ppo_framestack_pomdp,3
55968,27.0,ppo_framestack_pomdp,3
56004,50.0,ppo_framestack_pomdp,3
56024,24.0,ppo_framestack_pomdp,3
56220,53.0,ppo_framestack_pomdp,3
56312,71.0,ppo_framestack_pomdp,3
56336,115.0,ppo_framestack_pomdp,3
56440,117.0,ppo_framestack_pomdp,3
56444,55.0,ppo_framestack_pomdp,3
56500,13.0,ppo_framestack_pomdp,3
56548,58.0,ppo_framestack_pomdp,3
56572,17.0,ppo_framestack_pomdp,3
56624,18.0,ppo_framestack_pomdp,3
56640,49.0,ppo_framestack_pomdp,3
56696,30.0,ppo_framestack_pomdp,3
56712,17.0,ppo_framestack_pomdp,3
56728,97.0,ppo_framestack_pomdp,3
56812,28.0,ppo_framestack_pomdp,3
56872,39.0,ppo_framestack_pomdp,3
57016,50.0,ppo_framestack_pomdp,3
57068,110.0,ppo_framestack_pomdp,3
57112,95.0,ppo_framestack_pomdp,3
57140,30.0,ppo_framestack_pomdp,3
57160,11.0,ppo_framestack_pomdp,3
57188,11.0,ppo_framestack_pomdp,3
57292,55.0,ppo_framestack_pomdp,3
57320,32.0,ppo_framestack_pomdp,3
57416,135.0,ppo_framestack_pomdp,3
57432,34.0,ppo_framestack_pomdp,3
57480,79.0,ppo_framestack_pomdp,3
57500,16.0,ppo_framestack_pomdp,3
57600,69.0,ppo_framestack_pomdp,3
57620,50.0,ppo_framestack_pomdp,3
57696,23.0,ppo_framestack_pomdp,3
57748,66.0,ppo_framestack_pomdp,3
57828,81.0,ppo_framestack_pomdp,3
57868,42.0,ppo_framestack_pomdp,3
57920,12.0,ppo_framestack_pomdp,3
57956,83.0,ppo_framestack_pomdp,3
58004,63.0,ppo_framestack_pomdp,3
58068,15.0,ppo_framestack_pomdp,3
58084,31.0,ppo_framestack_pomdp,3
58112,47.0,ppo_framestack_pomdp,3
58192,90.0,ppo_framestack_pomdp,3
58284,49.0,ppo_framestack_pomdp,3
58292,44.0,ppo_framestack_pomdp,3
58312,60.0,ppo_framestack_pomdp,3
58472,39.0,ppo_framestack_pomdp,3
58520,56.0,ppo_framestack_pomdp,3
58608,103.0,ppo_framestack_pomdp,3
58664,94.0,ppo_framestack_pomdp,3
58672,49.0,ppo_framestack_pomdp,3
58804,70.0,ppo_framestack_pomdp,3
58804,48.0,ppo_framestack_pomdp,3
58884,52.0,ppo_framestack_pomdp,3
58924,64.0,ppo_framestack_pomdp,3
58936,12.0,ppo_framestack_pomdp,3
58948,35.0,ppo_framestack_pomdp,3
58984,44.0,ppo_framestack_pomdp,3
59068,32.0,ppo_framestack_pomdp,3
59164,53.0,ppo_framestack_pomdp,3
59424,88.0,ppo_framestack_pomdp,3
59472,11.0,ppo_framestack_pomdp,3
59496,127.0,ppo_framestack_pomdp,3
59532,91.0,ppo_framestack_pomdp,3
59552,156.0,ppo_framestack_pomdp,3
59580,26.0,ppo_framestack_pomdp,3
59636,34.0,ppo_framestack_pomdp,3
59768,32.0,ppo_framestack_pomdp,3
59952,45.0,ppo_framestack_pomdp,3
60068,128.0,ppo_framestack_pomdp,3
60112,132.0,ppo_framestack_pomdp,3
60156,21.0,ppo_framestack_pomdp,3
60300,86.0,ppo_framestack_pomdp,3
60392,58.0,ppo_framestack_pomdp,3
60396,70.0,ppo_framestack_pomdp,3
60408,218.0,ppo_framestack_pomdp,3
60488,46.0,ppo_framestack_pomdp,3
60512,25.0,ppo_framestack_pomdp,3
60564,41.0,ppo_framestack_pomdp,3
60672,69.0,ppo_framestack_pomdp,3
60712,55.0,ppo_framestack_pomdp,3
60776,52.0,ppo_framestack_pomdp,3
60808,73.0,ppo_framestack_pomdp,3
60840,31.0,ppo_framestack_pomdp,3
60880,51.0,ppo_framestack_pomdp,3
61128,61.0,ppo_framestack_pomdp,3
61264,121.0,ppo_framestack_pomdp,3
61276,108.0,ppo_framestack_pomdp,3
61360,137.0,ppo_framestack_pomdp,3
61428,40.0,ppo_framestack_pomdp,3
61428,37.0,ppo_framestack_pomdp,3
61568,34.0,ppo_framestack_pomdp,3
61624,48.0,ppo_framestack_pomdp,3
61652,72.0,ppo_framestack_pomdp,3
61668,10.0,ppo_framestack_pomdp,3
61784,32.0,ppo_framestack_pomdp,3
61852,180.0,ppo_framestack_pomdp,3
61936,20.0,ppo_framestack_pomdp,3
61944,39.0,ppo_framestack_pomdp,3
62004,16.0,ppo_framestack_pomdp,3
62060,13.0,ppo_framestack_pomdp,3
62124,113.0,ppo_framestack_pomdp,3
62192,16.0,ppo_framestack_pomdp,3
62196,33.0,ppo_framestack_pomdp,3
62308,27.0,ppo_framestack_pomdp,3
62372,15.0,ppo_framestack_pomdp,3
62412,210.0,ppo_framestack_pomdp,3
62452,126.0,ppo_framestack_pomdp,3
62512,79.0,ppo_framestack_pomdp,3
62524,17.0,ppo_framestack_pomdp,3
62608,58.0,ppo_framestack_pomdp,3
62696,70.0,ppo_framestack_pomdp,3
62712,46.0,ppo_framestack_pomdp,3
62848,37.0,ppo_framestack_pomdp,3
62868,88.0,ppo_framestack_pomdp,3
62964,62.0,ppo_framestack_pomdp,3
62988,94.0,ppo_framestack_pomdp,3
63016,36.0,ppo_framestack_pomdp,3
63116,37.0,ppo_framestack_pomdp,3
63484,158.0,ppo_framestack_pomdp,3
63792,193.0,ppo_framestack_pomdp,3
63864,186.0,ppo_framestack_pomdp,3
63916,107.0,ppo_framestack_pomdp,3
63928,33.0,ppo_framestack_pomdp,3
64028,27.0,ppo_framestack_pomdp,3
64120,282.0,ppo_framestack_pomdp,3
64200,83.0,ppo_framestack_pomdp,3
64264,58.0,ppo_framestack_pomdp,3
64324,98.0,ppo_framestack_pomdp,3
64480,38.0,ppo_framestack_pomdp,3
64508,96.0,ppo_framestack_pomdp,3
64688,105.0,ppo_framestack_pomdp,3
64896,103.0,ppo_framestack_pomdp,3
64896,96.0,ppo_framestack_pomdp,3
64908,176.0,ppo_framestack_pomdp,3
64980,17.0,ppo_framestack_pomdp,3
65260,90.0,ppo_framestack_pomdp,3
65268,144.0,ppo_framestack_pomdp,3
65272,72.0,ppo_framestack_pomdp,3
65392,32.0,ppo_framestack_pomdp,3
65460,47.0,ppo_framestack_pomdp,3
65696,58.0,ppo_framestack_pomdp,3
65696,75.0,ppo_framestack_pomdp,3
65780,220.0,ppo_framestack_pomdp,3
65788,128.0,ppo_framestack_pomdp,3
65928,34.0,ppo_framestack_pomdp,3
65956,64.0,ppo_framestack_pomdp,3
65984,50.0,ppo_framestack_pomdp,3
66144,39.0,ppo_framestack_pomdp,3
66228,74.0,ppo_framestack_pomdp,3
66448,187.0,ppo_framestack_pomdp,3
66472,81.0,ppo_framestack_pomdp,3
66496,134.0,ppo_framestack_pomdp,3
66500,12.0,ppo_framestack_pomdp,3
66596,24.0,ppo_framestack_pomdp,3
66624,37.0,ppo_framestack_pomdp,3
66636,33.0,ppo_framestack_pomdp,3
66848,55.0,ppo_framestack_pomdp,3
66904,168.0,ppo_framestack_pomdp,3
66940,22.0,ppo_framestack_pomdp,3
66944,86.0,ppo_framestack_pomdp,3
67060,105.0,ppo_framestack_pomdp,3
67072,31.0,ppo_framestack_pomdp,3
67160,54.0,ppo_framestack_pomdp,3
67184,27.0,ppo_framestack_pomdp,3
67244,45.0,ppo_framestack_pomdp,3
67312,37.0,ppo_framestack_pomdp,3
67320,33.0,ppo_framestack_pomdp,3
67444,32.0,ppo_framestack_pomdp,3
67476,57.0,ppo_framestack_pomdp,3
67484,40.0,ppo_framestack_pomdp,3
67540,13.0,ppo_framestack_pomdp,3
67552,161.0,ppo_framestack_pomdp,3
67776,82.0,ppo_framestack_pomdp,3
67924,111.0,ppo_framestack_pomdp,3
67924,92.0,ppo_framestack_pomdp,3
68036,27.0,ppo_framestack_pomdp,3
68100,43.0,ppo_framestack_pomdp,3
68136,89.0,ppo_framestack_pomdp,3
68188,37.0,ppo_framestack_pomdp,3
68192,162.0,ppo_framestack_pomdp,3
68324,32.0,ppo_framestack_pomdp,3
68336,49.0,ppo_framestack_pomdp,3
68344,38.0,ppo_framestack_pomdp,3
68512,43.0,ppo_framestack_pomdp,3
68732,101.0,ppo_framestack_pomdp,3
68848,125.0,ppo_framestack_pomdp,3
68852,84.0,ppo_framestack_pomdp,3
68896,40.0,ppo_framestack_pomdp,3
69016,228.0,ppo_framestack_pomdp,3
69048,48.0,ppo_framestack_pomdp,3
69064,41.0,ppo_framestack_pomdp,3
69116,24.0,ppo_framestack_pomdp,3
69172,30.0,ppo_framestack_pomdp,3
69216,37.0,ppo_framestack_pomdp,3
69324,51.0,ppo_framestack_pomdp,3
69328,119.0,ppo_framestack_pomdp,3
69384,52.0,ppo_framestack_pomdp,3
69576,62.0,ppo_framestack_pomdp,3
69576,61.0,ppo_framestack_pomdp,3
69668,70.0,ppo_framestack_pomdp,3
69828,62.0,ppo_framestack_pomdp,3
69844,43.0,ppo_framestack_pomdp,3
69968,97.0,ppo_framestack_pomdp,3
70056,209.0,ppo_framestack_pomdp,3
70076,26.0,ppo_framestack_pomdp,3
70336,69.0,ppo_framestack_pomdp,3
70348,125.0,ppo_framestack_pomdp,3
70400,12.0,ppo_framestack_pomdp,3
70436,24.0,ppo_framestack_pomdp,3
70544,35.0,ppo_framestack_pomdp,3
70660,28.0,ppo_framestack_pomdp,3
70780,29.0,ppo_framestack_pomdp,3
71044,303.0,ppo_framestack_pomdp,3
71064,246.0,ppo_framestack_pomdp,3
71148,91.0,ppo_framestack_pomdp,3
71152,178.0,ppo_framestack_pomdp,3
71288,60.0,ppo_framestack_pomdp,3
71408,63.0,ppo_framestack_pomdp,3
71440,37.0,ppo_framestack_pomdp,3
71520,27.0,ppo_framestack_pomdp,3
71528,94.0,ppo_framestack_pomdp,3
71576,13.0,ppo_framestack_pomdp,3
71680,153.0,ppo_framestack_pomdp,3
71896,91.0,ppo_framestack_pomdp,3
72152,117.0,ppo_framestack_pomdp,3
72304,215.0,ppo_framestack_pomdp,3
72372,16.0,ppo_framestack_pomdp,3
72408,207.0,ppo_framestack_pomdp,3
72576,169.0,ppo_framestack_pomdp,3
72684,77.0,ppo_framestack_pomdp,3
72764,46.0,ppo_framestack_pomdp,3
72808,163.0,ppo_framestack_pomdp,3
72916,26.0,ppo_framestack_pomdp,3
72980,53.0,ppo_framestack_pomdp,3
73292,151.0,ppo_framestack_pomdp,3
73368,239.0,ppo_framestack_pomdp,3
73500,51.0,ppo_framestack_pomdp,3
73552,142.0,ppo_framestack_pomdp,3
73620,29.0,ppo_framestack_pomdp,3
73764,52.0,ppo_framestack_pomdp,3
73916,37.0,ppo_framestack_pomdp,3
73976,14.0,ppo_framestack_pomdp,3
74032,278.0,ppo_framestack_pomdp,3
74084,26.0,ppo_framestack_pomdp,3
74200,144.0,ppo_framestack_pomdp,3
74332,240.0,ppo_framestack_pomdp,3
74476,110.0,ppo_framestack_pomdp,3
74544,85.0,ppo_framestack_pomdp,3
74640,138.0,ppo_framestack_pomdp,3
74692,12.0,ppo_framestack_pomdp,3
74736,100.0,ppo_framestack_pomdp,3
74744,66.0,ppo_framestack_pomdp,3
75172,156.0,ppo_framestack_pomdp,3
75224,12.0,ppo_framestack_pomdp,3
75396,162.0,ppo_framestack_pomdp,3
75420,181.0,ppo_framestack_pomdp,3
75504,69.0,ppo_framestack_pomdp,3
75568,36.0,ppo_framestack_pomdp,3
75716,36.0,ppo_framestack_pomdp,3
75764,256.0,ppo_framestack_pomdp,3
75864,116.0,ppo_framestack_pomdp,3
76004,34.0,ppo_framestack_pomdp,3
76252,186.0,ppo_framestack_pomdp,3
76260,123.0,ppo_framestack_pomdp,3
76300,145.0,ppo_framestack_pomdp,3
76360,24.0,ppo_framestack_pomdp,3
76512,126.0,ppo_framestack_pomdp,3
76608,88.0,ppo_framestack_pomdp,3
76908,136.0,ppo_framestack_pomdp,3
76980,169.0,ppo_framestack_pomdp,3
77052,110.0,ppo_framestack_pomdp,3
77096,145.0,ppo_framestack_pomdp,3
77164,27.0,ppo_framestack_pomdp,3
77168,64.0,ppo_framestack_pomdp,3
77392,102.0,ppo_framestack_pomdp,3
77408,59.0,ppo_framestack_pomdp,3
77432,66.0,ppo_framestack_pomdp,3
77556,36.0,ppo_framestack_pomdp,3
77584,121.0,ppo_framestack_pomdp,3
77860,106.0,ppo_framestack_pomdp,3
77940,136.0,ppo_framestack_pomdp,3
78088,56.0,ppo_framestack_pomdp,3
78184,60.0,ppo_framestack_pomdp,3
78356,199.0,ppo_framestack_pomdp,3
78360,43.0,ppo_framestack_pomdp,3
78436,86.0,ppo_framestack_pomdp,3
78608,255.0,ppo_framestack_pomdp,3
78760,37.0,ppo_framestack_pomdp,3
78804,110.0,ppo_framestack_pomdp,3
78904,35.0,ppo_framestack_pomdp,3
79176,204.0,ppo_framestack_pomdp,3
79500,265.0,ppo_framestack_pomdp,3
79728,56.0,ppo_framestack_pomdp,3
79792,221.0,ppo_framestack_pomdp,3
79840,258.0,ppo_framestack_pomdp,3
79924,32.0,ppo_framestack_pomdp,3
80096,91.0,ppo_framestack_pomdp,3
80176,83.0,ppo_framestack_pomdp,3
80208,257.0,ppo_framestack_pomdp,3
80280,45.0,ppo_framestack_pomdp,3
80420,52.0,ppo_framestack_pomdp,3
80576,162.0,ppo_framestack_pomdp,3
80700,30.0,ppo_framestack_pomdp,3
80900,119.0,ppo_framestack_pomdp,3
81032,187.0,ppo_framestack_pomdp,3
81088,46.0,ppo_framestack_pomdp,3
81152,243.0,ppo_framestack_pomdp,3
81252,40.0,ppo_framestack_pomdp,3
81384,170.0,ppo_framestack_pomdp,3
81424,42.0,ppo_framestack_pomdp,3
81468,108.0,ppo_framestack_pomdp,3
81540,96.0,ppo_framestack_pomdp,3
81744,50.0,ppo_framestack_pomdp,3
81764,84.0,ppo_framestack_pomdp,3
81928,40.0,ppo_framestack_pomdp,3
81988,60.0,ppo_framestack_pomdp,3
82108,159.0,ppo_framestack_pomdp,3
82244,214.0,ppo_framestack_pomdp,3
82280,87.0,ppo_framestack_pomdp,3
82456,116.0,ppo_framestack_pomdp,3
82520,68.0,ppo_framestack_pomdp,3
82604,80.0,ppo_framestack_pomdp,3
82692,42.0,ppo_framestack_pomdp,3
82824,178.0,ppo_framestack_pomdp,3
82940,28.0,ppo_framestack_pomdp,3
83116,164.0,ppo_framestack_pomdp,3
83296,172.0,ppo_framestack_pomdp,3
83308,153.0,ppo_framestack_pomdp,3
83320,50.0,ppo_framestack_pomdp,3
83364,105.0,ppo_framestack_pomdp,3
83428,29.0,ppo_framestack_pomdp,3
83744,94.0,ppo_framestack_pomdp,3
83780,87.0,ppo_framestack_pomdp,3
83804,120.0,ppo_framestack_pomdp,3
84052,188.0,ppo_framestack_pomdp,3
84172,29.0,ppo_framestack_pomdp,3
84192,111.0,ppo_framestack_pomdp,3
84280,21.0,ppo_framestack_pomdp,3
84392,146.0,ppo_framestack_pomdp,3
84440,66.0,ppo_framestack_pomdp,3
84536,188.0,ppo_framestack_pomdp,3
84768,121.0,ppo_framestack_pomdp,3
84948,126.0,ppo_framestack_pomdp,3
85108,178.0,ppo_framestack_pomdp,3
85204,63.0,ppo_framestack_pomdp,3
85660,222.0,ppo_framestack_pomdp,3
85764,139.0,ppo_framestack_pomdp,3
85820,177.0,ppo_framestack_pomdp,3
85960,355.0,ppo_framestack_pomdp,3
86260,149.0,ppo_framestack_pomdp,3
86348,131.0,ppo_framestack_pomdp,3
86388,31.0,ppo_framestack_pomdp,3
86600,208.0,ppo_framestack_pomdp,3
86668,69.0,ppo_framestack_pomdp,3
86732,192.0,ppo_framestack_pomdp,3
86808,34.0,ppo_framestack_pomdp,3
86988,96.0,ppo_framestack_pomdp,3
87000,66.0,ppo_framestack_pomdp,3
87104,188.0,ppo_framestack_pomdp,3
87152,11.0,ppo_framestack_pomdp,3
87200,52.0,ppo_framestack_pomdp,3
87260,112.0,ppo_framestack_pomdp,3
87444,60.0,ppo_framestack_pomdp,3
87496,123.0,ppo_framestack_pomdp,3
87556,100.0,ppo_framestack_pomdp,3
87648,37.0,ppo_framestack_pomdp,3
87776,82.0,ppo_framestack_pomdp,3
87844,71.0,ppo_framestack_pomdp,3
87844,145.0,ppo_framestack_pomdp,3
88236,97.0,ppo_framestack_pomdp,3
88404,139.0,ppo_framestack_pomdp,3
88580,43.0,ppo_framestack_pomdp,3
88620,242.0,ppo_framestack_pomdp,3
89188,141.0,ppo_framestack_pomdp,3
89320,270.0,ppo_framestack_pomdp,3
89336,389.0,ppo_framestack_pomdp,3
89388,201.0,ppo_framestack_pomdp,3
89588,66.0,ppo_framestack_pomdp,3
89712,30.0,ppo_framestack_pomdp,3
89872,170.0,ppo_framestack_pomdp,3
89924,52.0,ppo_framestack_pomdp,3
90016,35.0,ppo_framestack_pomdp,3
90120,195.0,ppo_framestack_pomdp,3
90216,206.0,ppo_framestack_pomdp,3
90612,171.0,ppo_framestack_pomdp,3
90696,143.0,ppo_framestack_pomdp,3
90740,130.0,ppo_framestack_pomdp,3
90856,209.0,ppo_framestack_pomdp,3
91160,75.0,ppo_framestack_pomdp,3
91196,145.0,ppo_framestack_pomdp,3
91312,153.0,ppo_framestack_pomdp,3
91440,31.0,ppo_framestack_pomdp,3
91540,85.0,ppo_framestack_pomdp,3
91644,225.0,ppo_framestack_pomdp,3
91760,149.0,ppo_framestack_pomdp,3
91972,52.0,ppo_framestack_pomdp,3
92140,149.0,ppo_framestack_pomdp,3
92168,130.0,ppo_framestack_pomdp,3
92532,272.0,ppo_framestack_pomdp,3
92588,13.0,ppo_framestack_pomdp,3
92628,163.0,ppo_framestack_pomdp,3
92644,125.0,ppo_framestack_pomdp,3
92868,69.0,ppo_framestack_pomdp,3
92984,203.0,ppo_framestack_pomdp,3
93520,133.0,ppo_framestack_pomdp,3
93520,218.0,ppo_framestack_pomdp,3
93556,231.0,ppo_framestack_pomdp,3
93708,46.0,ppo_framestack_pomdp,3
93848,34.0,ppo_framestack_pomdp,3
94028,117.0,ppo_framestack_pomdp,3
94088,141.0,ppo_framestack_pomdp,3
94112,310.0,ppo_framestack_pomdp,3
94404,138.0,ppo_framestack_pomdp,3
94572,41.0,ppo_framestack_pomdp,3
94872,189.0,ppo_framestack_pomdp,3
95012,230.0,ppo_framestack_pomdp,3
95428,138.0,ppo_framestack_pomdp,3
95444,353.0,ppo_framestack_pomdp,3
95536,240.0,ppo_framestack_pomdp,3
95588,35.0,ppo_framestack_pomdp,3
95640,156.0,ppo_framestack_pomdp,3
95700,67.0,ppo_framestack_pomdp,3
95776,18.0,ppo_framestack_pomdp,3
96012,118.0,ppo_framestack_pomdp,3
96088,111.0,ppo_framestack_pomdp,3
96372,70.0,ppo_framestack_pomdp,3
96552,193.0,ppo_framestack_pomdp,3
96636,261.0,ppo_framestack_pomdp,3
96756,95.0,ppo_framestack_pomdp,3
96804,62.0,ppo_framestack_pomdp,3
96876,59.0,ppo_framestack_pomdp,3
97116,59.0,ppo_framestack_pomdp,3
97172,289.0,ppo_framestack_pomdp,3
97212,101.0,ppo_framestack_pomdp,3
97284,131.0,ppo_framestack_pomdp,3
97504,72.0,ppo_framestack_pomdp,3
97704,146.0,ppo_framestack_pomdp,3
97836,32.0,ppo_framestack_pomdp,3
97972,171.0,ppo_framestack_pomdp,3
98008,125.0,ppo_framestack_pomdp,3
98308,283.0,ppo_framestack_pomdp,3
98392,95.0,ppo_framestack_pomdp,3
98476,159.0,ppo_framestack_pomdp,3
98648,42.0,ppo_framestack_pomdp,3
98660,66.0,ppo_framestack_pomdp,3
98956,245.0,ppo_framestack_pomdp,3
99088,194.0,ppo_framestack_pomdp,3
99420,115.0,ppo_framestack_pomdp,3
99692,260.0,ppo_framestack_pomdp,3
99784,173.0,ppo_framestack_pomdp,3
99832,34.0,ppo_framestack_pomdp,3
99932,127.0,ppo_framestack_pomdp,3
99980,329.0,ppo_framestack_pomdp,3
100048,65.0,ppo_framestack_pomdp,3
100204,67.0,ppo_framestack_pomdp,3
100468,158.0,ppo_framestack_pomdp,3
100712,182.0,ppo_framestack_pomdp,3
100780,182.0,ppo_framestack_pomdp,3
100804,149.0,ppo_framestack_pomdp,3
101036,63.0,ppo_framestack_pomdp,3
101124,163.0,ppo_framestack_pomdp,3
101140,106.0,ppo_framestack_pomdp,3
101148,85.0,ppo_framestack_pomdp,3
101280,34.0,ppo_framestack_pomdp,3
101584,108.0,ppo_framestack_pomdp,3
101604,141.0,ppo_framestack_pomdp,3
101848,141.0,ppo_framestack_pomdp,3
102076,237.0,ppo_framestack_pomdp,3
102512,231.0,ppo_framestack_pomdp,3
102764,289.0,ppo_framestack_pomdp,3
102928,269.0,ppo_framestack_pomdp,3
102996,120.0,ppo_framestack_pomdp,3
103264,296.0,ppo_framestack_pomdp,3
103456,172.0,ppo_framestack_pomdp,3
103648,179.0,ppo_framestack_pomdp,3
103704,109.0,ppo_framestack_pomdp,3
103796,199.0,ppo_framestack_pomdp,3
103840,47.0,ppo_framestack_pomdp,3
104132,72.0,ppo_framestack_pomdp,3
104176,179.0,ppo_framestack_pomdp,3
104396,149.0,ppo_framestack_pomdp,3
104428,73.0,ppo_framestack_pomdp,3
104836,109.0,ppo_framestack_pomdp,3
105056,219.0,ppo_framestack_pomdp,3
105108,169.0,ppo_framestack_pomdp,3
105312,118.0,ppo_framestack_pomdp,3
105416,89.0,ppo_framestack_pomdp,3
105656,136.0,ppo_framestack_pomdp,3
105708,500.0,ppo_framestack_pomdp,3
105772,28.0,ppo_framestack_pomdp,3
106112,173.0,ppo_framestack_pomdp,3
106160,112.0,ppo_framestack_pomdp,3
106200,221.0,ppo_framestack_pomdp,3
106636,215.0,ppo_framestack_pomdp,3
106908,67.0,ppo_framestack_pomdp,3
106924,202.0,ppo_framestack_pomdp,3
107312,287.0,ppo_framestack_pomdp,3
107808,220.0,ppo_framestack_pomdp,3
107952,260.0,ppo_framestack_pomdp,3
108204,500.0,ppo_framestack_pomdp,3
108460,63.0,ppo_framestack_pomdp,3
108472,129.0,ppo_framestack_pomdp,3
108668,51.0,ppo_framestack_pomdp,3
108672,215.0,ppo_framestack_pomdp,3
108708,348.0,ppo_framestack_pomdp,3
109060,97.0,ppo_framestack_pomdp,3
109096,96.0,ppo_framestack_pomdp,3
109108,108.0,ppo_framestack_pomdp,3
109444,86.0,ppo_framestack_pomdp,3
109600,134.0,ppo_framestack_pomdp,3
109652,294.0,ppo_framestack_pomdp,3
109904,75.0,ppo_framestack_pomdp,3
109944,208.0,ppo_framestack_pomdp,3
110012,89.0,ppo_framestack_pomdp,3
110040,33.0,ppo_framestack_pomdp,3
110196,38.0,ppo_framestack_pomdp,3
110644,157.0,ppo_framestack_pomdp,3
110684,184.0,ppo_framestack_pomdp,3
110984,84.0,ppo_framestack_pomdp,3
111356,477.0,ppo_framestack_pomdp,3
111400,103.0,ppo_framestack_pomdp,3
111960,150.0,ppo_framestack_pomdp,3
112200,500.0,ppo_framestack_pomdp,3
112360,239.0,ppo_framestack_pomdp,3
112408,51.0,ppo_framestack_pomdp,3
112484,449.0,ppo_framestack_pomdp,3
112748,196.0,ppo_framestack_pomdp,3
112780,104.0,ppo_framestack_pomdp,3
112904,104.0,ppo_framestack_pomdp,3
113360,152.0,ppo_framestack_pomdp,3
113476,173.0,ppo_framestack_pomdp,3
113748,334.0,ppo_framestack_pomdp,3
113928,141.0,ppo_framestack_pomdp,3
113956,262.0,ppo_framestack_pomdp,3
114428,237.0,ppo_framestack_pomdp,3
114620,172.0,ppo_framestack_pomdp,3
114676,231.0,ppo_framestack_pomdp,3
114736,194.0,ppo_framestack_pomdp,3
114988,91.0,ppo_framestack_pomdp,3
115424,248.0,ppo_framestack_pomdp,3
115588,149.0,ppo_framestack_pomdp,3
115712,258.0,ppo_framestack_pomdp,3
115932,298.0,ppo_framestack_pomdp,3
116024,149.0,ppo_framestack_pomdp,3
116164,34.0,ppo_framestack_pomdp,3
116300,177.0,ppo_framestack_pomdp,3
116624,172.0,ppo_framestack_pomdp,3
116768,263.0,ppo_framestack_pomdp,3
117252,271.0,ppo_framestack_pomdp,3
117340,259.0,ppo_framestack_pomdp,3
117472,211.0,ppo_framestack_pomdp,3
117668,224.0,ppo_framestack_pomdp,3
118024,88.0,ppo_framestack_pomdp,3
118224,242.0,ppo_framestack_pomdp,3
118832,151.0,ppo_framestack_pomdp,3
119064,397.0,ppo_framestack_pomdp,3
119236,302.0,ppo_framestack_pomdp,3
119236,473.0,ppo_framestack_pomdp,3
120092,213.0,ppo_framestack_pomdp,3
120136,224.0,ppo_framestack_pomdp,3
120208,343.0,ppo_framestack_pomdp,3
120808,167.0,ppo_framestack_pomdp,3
120880,196.0,ppo_framestack_pomdp,3
121060,212.0,ppo_framestack_pomdp,3
121068,500.0,ppo_framestack_pomdp,3
121280,52.0,ppo_framestack_pomdp,3
121584,130.0,ppo_framestack_pomdp,3
121776,123.0,ppo_framestack_pomdp,3
122048,309.0,ppo_framestack_pomdp,3
122292,128.0,ppo_framestack_pomdp,3
122388,200.0,ppo_framestack_pomdp,3
122392,85.0,ppo_framestack_pomdp,3
122556,418.0,ppo_framestack_pomdp,3
122760,91.0,ppo_framestack_pomdp,3
123016,156.0,ppo_framestack_pomdp,3
123124,207.0,ppo_framestack_pomdp,3
123440,78.0,ppo_framestack_pomdp,3
123512,187.0,ppo_framestack_pomdp,3
123516,239.0,ppo_framestack_pomdp,3
124048,257.0,ppo_framestack_pomdp,3
124484,241.0,ppo_framestack_pomdp,3
124956,378.0,ppo_framestack_pomdp,3
125132,270.0,ppo_framestack_pomdp,3
125516,500.0,ppo_framestack_pomdp,3
125552,266.0,ppo_framestack_pomdp,3
125804,167.0,ppo_framestack_pomdp,3
125872,228.0,ppo_framestack_pomdp,3
125976,105.0,ppo_framestack_pomdp,3
126184,94.0,ppo_framestack_pomdp,3
126316,32.0,ppo_framestack_pomdp,3
126684,91.0,ppo_framestack_pomdp,3
126924,351.0,ppo_framestack_pomdp,3
126984,251.0,ppo_framestack_pomdp,3
127180,123.0,ppo_framestack_pomdp,3
127340,366.0,ppo_framestack_pomdp,3
127472,136.0,ppo_framestack_pomdp,3
127504,80.0,ppo_framestack_pomdp,3
127880,93.0,ppo_framestack_pomdp,3
128516,382.0,ppo_framestack_pomdp,3
128552,302.0,ppo_framestack_pomdp,3
128796,228.0,ppo_framestack_pomdp,3
128900,356.0,ppo_framestack_pomdp,3
129396,210.0,ppo_framestack_pomdp,3
129396,149.0,ppo_framestack_pomdp,3
129456,234.0,ppo_framestack_pomdp,3
129884,245.0,ppo_framestack_pomdp,3
129892,123.0,ppo_framestack_pomdp,3
129964,19.0,ppo_framestack_pomdp,3
129992,133.0,ppo_framestack_pomdp,3
130004,151.0,ppo_framestack_pomdp,3
130308,75.0,ppo_framestack_pomdp,3
130476,41.0,ppo_framestack_pomdp,3
130480,146.0,ppo_framestack_pomdp,3
130568,143.0,ppo_framestack_pomdp,3
131020,263.0,ppo_framestack_pomdp,3
131064,145.0,ppo_framestack_pomdp,3
131412,97.0,ppo_framestack_pomdp,3
131560,123.0,ppo_framestack_pomdp,3
131720,39.0,ppo_framestack_pomdp,3
131784,303.0,ppo_framestack_pomdp,3
131936,364.0,ppo_framestack_pomdp,3
132012,18.0,ppo_framestack_pomdp,3
132144,182.0,ppo_framestack_pomdp,3
132504,195.0,ppo_framestack_pomdp,3
132512,181.0,ppo_framestack_pomdp,3
132620,118.0,ppo_framestack_pomdp,3
133144,130.0,ppo_framestack_pomdp,3
133256,185.0,ppo_framestack_pomdp,3
133340,208.0,ppo_framestack_pomdp,3
133524,94.0,ppo_framestack_pomdp,3
133616,400.0,ppo_framestack_pomdp,3
133880,155.0,ppo_framestack_pomdp,3
134112,146.0,ppo_framestack_pomdp,3
134480,91.0,ppo_framestack_pomdp,3
134964,336.0,ppo_framestack_pomdp,3
135024,135.0,ppo_framestack_pomdp,3
135292,352.0,ppo_framestack_pomdp,3
135344,500.0,ppo_framestack_pomdp,3
135528,140.0,ppo_framestack_pomdp,3
135680,96.0,ppo_framestack_pomdp,3
135808,69.0,ppo_framestack_pomdp,3
136024,249.0,ppo_framestack_pomdp,3
136404,94.0,ppo_framestack_pomdp,3
136420,152.0,ppo_framestack_pomdp,3
136436,272.0,ppo_framestack_pomdp,3
137056,158.0,ppo_framestack_pomdp,3
137260,213.0,ppo_framestack_pomdp,3
137568,471.0,ppo_framestack_pomdp,3
137816,189.0,ppo_framestack_pomdp,3
137968,382.0,ppo_framestack_pomdp,3
138596,156.0,ppo_framestack_pomdp,3
138604,335.0,ppo_framestack_pomdp,3
138812,248.0,ppo_framestack_pomdp,3
138872,325.0,ppo_framestack_pomdp,3
138916,25.0,ppo_framestack_pomdp,3
139420,205.0,ppo_framestack_pomdp,3
140016,148.0,ppo_framestack_pomdp,3
140032,278.0,ppo_framestack_pomdp,3
140320,428.0,ppo_framestack_pomdp,3
140360,371.0,ppo_framestack_pomdp,3
140956,148.0,ppo_framestack_pomdp,3
141044,180.0,ppo_framestack_pomdp,3
141064,257.0,ppo_framestack_pomdp,3
141392,343.0,ppo_framestack_pomdp,3
141684,181.0,ppo_framestack_pomdp,3
141796,187.0,ppo_framestack_pomdp,3
142276,302.0,ppo_framestack_pomdp,3
142516,280.0,ppo_framestack_pomdp,3
142576,194.0,ppo_framestack_pomdp,3
143236,387.0,ppo_framestack_pomdp,3
143244,166.0,ppo_framestack_pomdp,3
143328,262.0,ppo_framestack_pomdp,3
143344,206.0,ppo_framestack_pomdp,3
143508,67.0,ppo_framestack_pomdp,3
143612,66.0,ppo_framestack_pomdp,3
144028,195.0,ppo_framestack_pomdp,3
144060,111.0,ppo_framestack_pomdp,3
144240,182.0,ppo_framestack_pomdp,3
144468,284.0,ppo_framestack_pomdp,3
144648,154.0,ppo_framestack_pomdp,3
144800,139.0,ppo_framestack_pomdp,3
145400,334.0,ppo_framestack_pomdp,3
145424,238.0,ppo_framestack_pomdp,3
145576,193.0,ppo_framestack_pomdp,3
145652,250.0,ppo_framestack_pomdp,3
146036,158.0,ppo_framestack_pomdp,3
146136,24.0,ppo_framestack_pomdp,3
146396,204.0,ppo_framestack_pomdp,3
146844,297.0,ppo_framestack_pomdp,3
147228,272.0,ppo_framestack_pomdp,3
147404,251.0,ppo_framestack_pomdp,3
147428,500.0,ppo_framestack_pomdp,3
147756,227.0,ppo_framestack_pomdp,3
148012,195.0,ppo_framestack_pomdp,3
148304,224.0,ppo_framestack_pomdp,3
148312,74.0,ppo_framestack_pomdp,3
148476,261.0,ppo_framestack_pomdp,3
149036,182.0,ppo_framestack_pomdp,3
149420,415.0,ppo_framestack_pomdp,3
149568,36.0,ppo_framestack_pomdp,3
149688,162.0,ppo_framestack_pomdp,3
149848,342.0,ppo_framestack_pomdp,3
150244,138.0,ppo_framestack_pomdp,3
150316,500.0,ppo_framestack_pomdp,3
150700,95.0,ppo_framestack_pomdp,3
150940,173.0,ppo_framestack_pomdp,3
150988,354.0,ppo_framestack_pomdp,3
151312,365.0,ppo_framestack_pomdp,3
151560,214.0,ppo_framestack_pomdp,3
152348,351.0,ppo_framestack_pomdp,3
152380,266.0,ppo_framestack_pomdp,3
152436,13.0,ppo_framestack_pomdp,3
152588,37.0,ppo_framestack_pomdp,3
152684,280.0,ppo_framestack_pomdp,3
152768,444.0,ppo_framestack_pomdp,3
153124,193.0,ppo_framestack_pomdp,3
153340,163.0,ppo_framestack_pomdp,3
153944,338.0,ppo_framestack_pomdp,3
154196,356.0,ppo_framestack_pomdp,3
154204,269.0,ppo_framestack_pomdp,3
154232,222.0,ppo_framestack_pomdp,3
154508,140.0,ppo_framestack_pomdp,3
154828,155.0,ppo_framestack_pomdp,3
155016,195.0,ppo_framestack_pomdp,3
155464,316.0,ppo_framestack_pomdp,3
155632,153.0,ppo_framestack_pomdp,3
155720,21.0,ppo_framestack_pomdp,3
156112,320.0,ppo_framestack_pomdp,3
156436,242.0,ppo_framestack_pomdp,3
156504,97.0,ppo_framestack_pomdp,3
156512,500.0,ppo_framestack_pomdp,3
156752,257.0,ppo_framestack_pomdp,3
156948,127.0,ppo_framestack_pomdp,3
157328,205.0,ppo_framestack_pomdp,3
157476,180.0,ppo_framestack_pomdp,3
157864,228.0,ppo_framestack_pomdp,3
157920,351.0,ppo_framestack_pomdp,3
158156,169.0,ppo_framestack_pomdp,3
158348,254.0,ppo_framestack_pomdp,3
158440,143.0,ppo_framestack_pomdp,3
159052,282.0,ppo_framestack_pomdp,3
159092,185.0,ppo_framestack_pomdp,3
159116,168.0,ppo_framestack_pomdp,3
159712,148.0,ppo_framestack_pomdp,3
159752,398.0,ppo_framestack_pomdp,3
160080,246.0,ppo_framestack_pomdp,3
160444,182.0,ppo_framestack_pomdp,3
160504,362.0,ppo_framestack_pomdp,3
160664,227.0,ppo_framestack_pomdp,3
160924,210.0,ppo_framestack_pomdp,3
161300,213.0,ppo_framestack_pomdp,3
161396,222.0,ppo_framestack_pomdp,3
161916,312.0,ppo_framestack_pomdp,3
162036,277.0,ppo_framestack_pomdp,3
162192,198.0,ppo_framestack_pomdp,3
162492,74.0,ppo_framestack_pomdp,3
162888,212.0,ppo_framestack_pomdp,3
163008,29.0,ppo_framestack_pomdp,3
163304,500.0,ppo_framestack_pomdp,3
163376,220.0,ppo_framestack_pomdp,3
163920,500.0,ppo_framestack_pomdp,3
164612,326.0,ppo_framestack_pomdp,3
164648,409.0,ppo_framestack_pomdp,3
164720,199.0,ppo_framestack_pomdp,3
165224,461.0,ppo_framestack_pomdp,3
165836,152.0,ppo_framestack_pomdp,3
166016,341.0,ppo_framestack_pomdp,3
166188,393.0,ppo_framestack_pomdp,3
166356,129.0,ppo_framestack_pomdp,3
166408,12.0,ppo_framestack_pomdp,3
166724,500.0,ppo_framestack_pomdp,3
166892,218.0,ppo_framestack_pomdp,3
167324,228.0,ppo_framestack_pomdp,3
167636,361.0,ppo_framestack_pomdp,3
167960,80.0,ppo_framestack_pomdp,3
168424,115.0,ppo_framestack_pomdp,3
168576,420.0,ppo_framestack_pomdp,3
168728,500.0,ppo_framestack_pomdp,3
169084,439.0,ppo_framestack_pomdp,3
169312,221.0,ppo_framestack_pomdp,3
169708,155.0,ppo_framestack_pomdp,3
169964,346.0,ppo_framestack_pomdp,3
170032,325.0,ppo_framestack_pomdp,3
170036,180.0,ppo_framestack_pomdp,3
170316,151.0,ppo_framestack_pomdp,3
170828,197.0,ppo_framestack_pomdp,3
170928,223.0,ppo_framestack_pomdp,3
171308,247.0,ppo_framestack_pomdp,3
171332,341.0,ppo_framestack_pomdp,3
171812,245.0,ppo_framestack_pomdp,3
171824,128.0,ppo_framestack_pomdp,3
172652,430.0,ppo_framestack_pomdp,3
172740,21.0,ppo_framestack_pomdp,3
172836,252.0,ppo_framestack_pomdp,3
173076,435.0,ppo_framestack_pomdp,3
173188,343.0,ppo_framestack_pomdp,3
173764,255.0,ppo_framestack_pomdp,3
173852,165.0,ppo_framestack_pomdp,3
173968,282.0,ppo_framestack_pomdp,3
173992,228.0,ppo_framestack_pomdp,3
174176,51.0,ppo_framestack_pomdp,3
175112,314.0,ppo_framestack_pomdp,3
175204,359.0,ppo_framestack_pomdp,3
175360,341.0,ppo_framestack_pomdp,3
175776,142.0,ppo_framestack_pomdp,3
175888,193.0,ppo_framestack_pomdp,3
176180,500.0,ppo_framestack_pomdp,3
176308,236.0,ppo_framestack_pomdp,3
177256,369.0,ppo_framestack_pomdp,3
177276,346.0,ppo_framestack_pomdp,3
177408,274.0,ppo_framestack_pomdp,3
177548,67.0,ppo_framestack_pomdp,3
178184,500.0,ppo_framestack_pomdp,3
178600,297.0,ppo_framestack_pomdp,3
178668,279.0,ppo_framestack_pomdp,3
178940,420.0,ppo_framestack_pomdp,3
180188,500.0,ppo_framestack_pomdp,3
180216,386.0,ppo_framestack_pomdp,3
180364,440.0,ppo_framestack_pomdp,3
180728,134.0,ppo_framestack_pomdp,3
180856,478.0,ppo_framestack_pomdp,3
180980,153.0,ppo_framestack_pomdp,3
181420,300.0,ppo_framestack_pomdp,3
181448,179.0,ppo_framestack_pomdp,3
181800,204.0,ppo_framestack_pomdp,3
182092,160.0,ppo_framestack_pomdp,3
182444,255.0,ppo_framestack_pomdp,3
182492,172.0,ppo_framestack_pomdp,3
182860,500.0,ppo_framestack_pomdp,3
182888,198.0,ppo_framestack_pomdp,3
183320,218.0,ppo_framestack_pomdp,3
183472,37.0,ppo_framestack_pomdp,3
183740,311.0,ppo_framestack_pomdp,3
184228,188.0,ppo_framestack_pomdp,3
184568,419.0,ppo_framestack_pomdp,3
184776,258.0,ppo_framestack_pomdp,3
184864,500.0,ppo_framestack_pomdp,3
184972,185.0,ppo_framestack_pomdp,3
185216,60.0,ppo_framestack_pomdp,3
185584,201.0,ppo_framestack_pomdp,3
186156,234.0,ppo_framestack_pomdp,3
186156,322.0,ppo_framestack_pomdp,3
186232,18.0,ppo_framestack_pomdp,3
186572,500.0,ppo_framestack_pomdp,3
186612,256.0,ppo_framestack_pomdp,3
186708,137.0,ppo_framestack_pomdp,3
187060,206.0,ppo_framestack_pomdp,3
187296,170.0,ppo_framestack_pomdp,3
187864,322.0,ppo_framestack_pomdp,3
188172,365.0,ppo_framestack_pomdp,3
188472,352.0,ppo_framestack_pomdp,3
188472,293.0,ppo_framestack_pomdp,3
188660,198.0,ppo_framestack_pomdp,3
189312,209.0,ppo_framestack_pomdp,3
189440,316.0,ppo_framestack_pomdp,3
189636,243.0,ppo_framestack_pomdp,3
189664,297.0,ppo_framestack_pomdp,3
190136,173.0,ppo_framestack_pomdp,3
190364,262.0,ppo_framestack_pomdp,3
190456,204.0,ppo_framestack_pomdp,3
191136,169.0,ppo_framestack_pomdp,3
191224,214.0,ppo_framestack_pomdp,3
191668,500.0,ppo_framestack_pomdp,3
191900,440.0,ppo_framestack_pomdp,3
191900,190.0,ppo_framestack_pomdp,3
192616,347.0,ppo_framestack_pomdp,3
192992,330.0,ppo_framestack_pomdp,3
193176,318.0,ppo_framestack_pomdp,3
193500,399.0,ppo_framestack_pomdp,3
193668,168.0,ppo_framestack_pomdp,3
193920,104.0,ppo_framestack_pomdp,3
193968,197.0,ppo_framestack_pomdp,3
194008,347.0,ppo_framestack_pomdp,3
194416,123.0,ppo_framestack_pomdp,3
194768,274.0,ppo_framestack_pomdp,3
194800,197.0,ppo_framestack_pomdp,3
194888,229.0,ppo_framestack_pomdp,3
195396,126.0,ppo_framestack_pomdp,3
195764,91.0,ppo_framestack_pomdp,3
196012,302.0,ppo_framestack_pomdp,3
196016,311.0,ppo_framestack_pomdp,3
196120,25.0,ppo_framestack_pomdp,3
196408,497.0,ppo_framestack_pomdp,3
196708,235.0,ppo_framestack_pomdp,3
197184,193.0,ppo_framestack_pomdp,3
197680,123.0,ppo_framestack_pomdp,3
197808,448.0,ppo_framestack_pomdp,3
197844,430.0,ppo_framestack_pomdp,3
198068,339.0,ppo_framestack_pomdp,3
198284,150.0,ppo_framestack_pomdp,3
198484,159.0,ppo_framestack_pomdp,3
198604,79.0,ppo_framestack_pomdp,3
198756,37.0,ppo_framestack_pomdp,3
198836,19.0,ppo_framestack_pomdp,3
198840,257.0,ppo_framestack_pomdp,3
198976,122.0,ppo_framestack_pomdp,3
199160,272.0,ppo_framestack_pomdp,3
199304,115.0,ppo_framestack_pomdp,3
199588,187.0,ppo_framestack_pomdp,3
