step,return,k,config,seed
32,8.0,8,framestack_k8,1
44,11.0,8,framestack_k8,1
64,16.0,8,framestack_k8,1
64,16.0,8,framestack_k8,1
100,13.0,8,framestack_k8,1
116,20.0,8,framestack_k8,1
128,15.0,8,framestack_k8,1
136,17.0,8,framestack_k8,1
184,13.0,8,framestack_k8,1
184,16.0,8,framestack_k8,1
192,22.0,8,framestack_k8,1
236,12.0,8,framestack_k8,1
300,26.0,8,framestack_k8,1
328,47.0,8,framestack_k8,1
352,12.0,8,framestack_k8,1
360,43.0,8,framestack_k8,1
412,43.0,8,framestack_k8,1
424,15.0,8,framestack_k8,1
428,18.0,8,framestack_k8,1
468,34.0,8,framestack_k8,1
472,14.0,8,framestack_k8,1
472,11.0,8,framestack_k8,1
516,10.0,8,framestack_k8,1
544,17.0,8,framestack_k8,1
544,28.0,8,framestack_k8,1
556,21.0,8,framestack_k8,1
608,15.0,8,framestack_k8,1
652,26.0,8,framestack_k8,1
660,25.0,8,framestack_k8,1
672,38.0,8,framestack_k8,1
712,14.0,8,framestack_k8,1
716,26.0,8,framestack_k8,1
720,14.0,8,framestack_k8,1
752,19.0,8,framestack_k8,1
764,12.0,8,framestack_k8,1
808,13.0,8,framestack_k8,1
820,24.0,8,framestack_k8,1
848,20.0,8,framestack_k8,1
848,32.0,8,framestack_k8,1
880,14.0,8,framestack_k8,1
884,18.0,8,framestack_k8,1
904,13.0,8,framestack_k8,1
920,17.0,8,framestack_k8,1
944,15.0,8,framestack_k8,1
952,16.0,8,framestack_k8,1
988,16.0,8,framestack_k8,1
1000,23.0,8,framestack_k8,1
1028,20.0,8,framestack_k8,1
1032,19.0,8,framestack_k8,1
1060,17.0,8,framestack_k8,1
1096,15.0,8,framestack_k8,1
1100,17.0,8,framestack_k8,1
1124,30.0,8,framestack_k8,1
1148,21.0,8,framestack_k8,1
1156,14.0,8,framestack_k8,1
1192,22.0,8,framestack_k8,1
1244,29.0,8,framestack_k8,1
1260,25.0,8,framestack_k8,1
1316,41.0,8,framestack_k8,1
1332,34.0,8,framestack_k8,1
1356,27.0,8,framestack_k8,1
1372,13.0,8,framestack_k8,1
1388,31.0,8,framestack_k8,1
1404,17.0,8,framestack_k8,1
1416,10.0,8,framestack_k8,1
1468,15.0,8,framestack_k8,1
1468,19.0,8,framestack_k8,1
1496,34.0,8,framestack_k8,1
1520,25.0,8,framestack_k8,1
1548,19.0,8,framestack_k8,1
1624,31.0,8,framestack_k8,1
1644,23.0,8,framestack_k8,1
1680,13.0,8,framestack_k8,1
1696,43.0,8,framestack_k8,1
1732,65.0,8,framestack_k8,1
1744,24.0,8,framestack_k8,1
1760,15.0,8,framestack_k8,1
1796,12.0,8,framestack_k8,1
1804,17.0,8,framestack_k8,1
1812,32.0,8,framestack_k8,1
1824,15.0,8,framestack_k8,1
1888,18.0,8,framestack_k8,1
1892,23.0,8,framestack_k8,1
1904,19.0,8,framestack_k8,1
1952,11.0,8,framestack_k8,1
1956,15.0,8,framestack_k8,1
2016,52.0,8,framestack_k8,1
2020,16.0,8,framestack_k8,1
2080,14.0,8,framestack_k8,1
2092,50.0,8,framestack_k8,1
2116,39.0,8,framestack_k8,1
2144,31.0,8,framestack_k8,1
2152,17.0,8,framestack_k8,1
2160,16.0,8,framestack_k8,1
2240,23.0,8,framestack_k8,1
2244,31.0,8,framestack_k8,1
2248,21.0,8,framestack_k8,1
2288,33.0,8,framestack_k8,1
2296,11.0,8,framestack_k8,1
2300,14.0,8,framestack_k8,1
2336,22.0,8,framestack_k8,1
2356,14.0,8,framestack_k8,1
2396,14.0,8,framestack_k8,1
2420,15.0,8,framestack_k8,1
2480,44.0,8,framestack_k8,1
2484,21.0,8,framestack_k8,1
2492,50.0,8,framestack_k8,1
2524,25.0,8,framestack_k8,1
2560,18.0,8,framestack_k8,1
2564,20.0,8,framestack_k8,1
2604,19.0,8,framestack_k8,1
2632,17.0,8,framestack_k8,1
2636,17.0,8,framestack_k8,1
2664,42.0,8,framestack_k8,1
2720,13.0,8,framestack_k8,1
2724,22.0,8,framestack_k8,1
2740,25.0,8,framestack_k8,1
2792,17.0,8,framestack_k8,1
2816,22.0,8,framestack_k8,1
2828,21.0,8,framestack_k8,1
2836,57.0,8,framestack_k8,1
2852,14.0,8,framestack_k8,1
2872,13.0,8,framestack_k8,1
2884,13.0,8,framestack_k8,1
2912,18.0,8,framestack_k8,1
2916,15.0,8,framestack_k8,1
2948,18.0,8,framestack_k8,1
2952,16.0,8,framestack_k8,1
2996,19.0,8,framestack_k8,1
3000,12.0,8,framestack_k8,1
3016,25.0,8,framestack_k8,1
3056,14.0,8,framestack_k8,1
3068,16.0,8,framestack_k8,1
3092,18.0,8,framestack_k8,1
3116,11.0,8,framestack_k8,1
3196,60.0,8,framestack_k8,1
3200,20.0,8,framestack_k8,1
3224,41.0,8,framestack_k8,1
3236,35.0,8,framestack_k8,1
3252,13.0,8,framestack_k8,1
3252,12.0,8,framestack_k8,1
3312,14.0,8,framestack_k8,1
3312,21.0,8,framestack_k8,1
3376,15.0,8,framestack_k8,1
3380,35.0,8,framestack_k8,1
3384,32.0,8,framestack_k8,1
3428,11.0,8,framestack_k8,1
3440,13.0,8,framestack_k8,1
3464,37.0,8,framestack_k8,1
3504,31.0,8,framestack_k8,1
3512,17.0,8,framestack_k8,1
3548,29.0,8,framestack_k8,1
3568,25.0,8,framestack_k8,1
3576,15.0,8,framestack_k8,1
3604,24.0,8,framestack_k8,1
3612,15.0,8,framestack_k8,1
3624,13.0,8,framestack_k8,1
3676,15.0,8,framestack_k8,1
3688,15.0,8,framestack_k8,1
3724,36.0,8,framestack_k8,1
3732,13.0,8,framestack_k8,1
3740,33.0,8,framestack_k8,1
3780,22.0,8,framestack_k8,1
3784,14.0,8,framestack_k8,1
3796,15.0,8,framestack_k8,1
3800,14.0,8,framestack_k8,1
3840,10.0,8,framestack_k8,1
3856,18.0,8,framestack_k8,1
3872,17.0,8,framestack_k8,1
3912,17.0,8,framestack_k8,1
3916,10.0,8,framestack_k8,1
3932,18.0,8,framestack_k8,1
4028,28.0,8,framestack_k8,1
4032,61.0,8,framestack_k8,1
4096,15.0,8,framestack_k8,1
4116,21.0,8,framestack_k8,1
4136,54.0,8,framestack_k8,1
4192,18.0,8,framestack_k8,1
4192,13.0,8,framestack_k8,1
4204,26.0,8,framestack_k8,1
4208,68.0,8,framestack_k8,1
4264,14.0,8,framestack_k8,1
4292,24.0,8,framestack_k8,1
4296,21.0,8,framestack_k8,1
4336,10.0,8,framestack_k8,1
4336,17.0,8,framestack_k8,1
4360,15.0,8,framestack_k8,1
4368,43.0,8,framestack_k8,1
4384,11.0,8,framestack_k8,1
4428,22.0,8,framestack_k8,1
4456,23.0,8,framestack_k8,1
4456,21.0,8,framestack_k8,1
4488,14.0,8,framestack_k8,1
4500,28.0,8,framestack_k8,1
4536,19.0,8,framestack_k8,1
4540,20.0,8,framestack_k8,1
4564,18.0,8,framestack_k8,1
4568,16.0,8,framestack_k8,1
4632,23.0,8,framestack_k8,1
4660,29.0,8,framestack_k8,1
4688,13.0,8,framestack_k8,1
4712,12.0,8,framestack_k8,1
4736,42.0,8,framestack_k8,1
4752,45.0,8,framestack_k8,1
4768,19.0,8,framestack_k8,1
4792,19.0,8,framestack_k8,1
4808,9.0,8,framestack_k8,1
4808,17.0,8,framestack_k8,1
4808,13.0,8,framestack_k8,1
4932,30.0,8,framestack_k8,1
4940,32.0,8,framestack_k8,1
4988,11.0,8,framestack_k8,1
5056,16.0,8,framestack_k8,1
5060,66.0,8,framestack_k8,1
5100,9.0,8,framestack_k8,1
5100,72.0,8,framestack_k8,1
5108,43.0,8,framestack_k8,1
5152,12.0,8,framestack_k8,1
5160,25.0,8,framestack_k8,1
5180,19.0,8,framestack_k8,1
5224,15.0,8,framestack_k8,1
5240,32.0,8,framestack_k8,1
5268,28.0,8,framestack_k8,1
5268,21.0,8,framestack_k8,1
5304,15.0,8,framestack_k8,1
5316,11.0,8,framestack_k8,1
5352,11.0,8,framestack_k8,1
5432,28.0,8,framestack_k8,1
5440,21.0,8,framestack_k8,1
5456,57.0,8,framestack_k8,1
5504,58.0,8,framestack_k8,1
5520,19.0,8,framestack_k8,1
5556,24.0,8,framestack_k8,1
5560,13.0,8,framestack_k8,1
5656,33.0,8,framestack_k8,1
5692,32.0,8,framestack_k8,1
5700,66.0,8,framestack_k8,1
5768,52.0,8,framestack_k8,1
5780,19.0,8,framestack_k8,1
5780,30.0,8,framestack_k8,1
5836,35.0,8,framestack_k8,1
5888,26.0,8,framestack_k8,1
5912,18.0,8,framestack_k8,1
5968,49.0,8,framestack_k8,1
6000,54.0,8,framestack_k8,1
6032,15.0,8,framestack_k8,1
6044,32.0,8,framestack_k8,1
6048,39.0,8,framestack_k8,1
6072,17.0,8,framestack_k8,1
6104,17.0,8,framestack_k8,1
6108,15.0,8,framestack_k8,1
6112,15.0,8,framestack_k8,1
6148,18.0,8,framestack_k8,1
6156,10.0,8,framestack_k8,1
6168,14.0,8,framestack_k8,1
6176,17.0,8,framestack_k8,1
6224,16.0,8,framestack_k8,1
6248,17.0,8,framestack_k8,1
6296,31.0,8,framestack_k8,1
6312,15.0,8,framestack_k8,1
6328,25.0,8,framestack_k8,1
6364,16.0,8,framestack_k8,1
6376,15.0,8,framestack_k8,1
6384,13.0,8,framestack_k8,1
6412,65.0,8,framestack_k8,1
6436,12.0,8,framestack_k8,1
6496,29.0,8,framestack_k8,1
6536,24.0,8,framestack_k8,1
6544,44.0,8,framestack_k8,1
6600,46.0,8,framestack_k8,1
6604,14.0,8,framestack_k8,1
6612,28.0,8,framestack_k8,1
6616,19.0,8,framestack_k8,1
6660,13.0,8,framestack_k8,1
6700,9.0,8,framestack_k8,1
6752,34.0,8,framestack_k8,1
6764,40.0,8,framestack_k8,1
6772,38.0,8,framestack_k8,1
6784,20.0,8,framestack_k8,1
6812,14.0,8,framestack_k8,1
6820,11.0,8,framestack_k8,1
6912,36.0,8,framestack_k8,1
6920,33.0,8,framestack_k8,1
6928,26.0,8,framestack_k8,1
6996,18.0,8,framestack_k8,1
7016,50.0,8,framestack_k8,1
7040,31.0,8,framestack_k8,1
7080,20.0,8,framestack_k8,1
7116,46.0,8,framestack_k8,1
7172,32.0,8,framestack_k8,1
7176,14.0,8,framestack_k8,1
7176,23.0,8,framestack_k8,1
7192,43.0,8,framestack_k8,1
7220,11.0,8,framestack_k8,1
7224,11.0,8,framestack_k8,1
7236,10.0,8,framestack_k8,1
7240,15.0,8,framestack_k8,1
7280,13.0,8,framestack_k8,1
7288,16.0,8,framestack_k8,1
7360,19.0,8,framestack_k8,1
7384,36.0,8,framestack_k8,1
7416,13.0,8,framestack_k8,1
7452,16.0,8,framestack_k8,1
7464,55.0,8,framestack_k8,1
7472,45.0,8,framestack_k8,1
7516,15.0,8,framestack_k8,1
7560,23.0,8,framestack_k8,1
7580,15.0,8,framestack_k8,1
7612,34.0,8,framestack_k8,1
7616,49.0,8,framestack_k8,1
7620,14.0,8,framestack_k8,1
7656,10.0,8,framestack_k8,1
7660,19.0,8,framestack_k8,1
7672,13.0,8,framestack_k8,1
7728,26.0,8,framestack_k8,1
7768,27.0,8,framestack_k8,1
7768,26.0,8,framestack_k8,1
7784,27.0,8,framestack_k8,1
7788,14.0,8,framestack_k8,1
7860,22.0,8,framestack_k8,1
7864,23.0,8,framestack_k8,1
7916,32.0,8,framestack_k8,1
7972,27.0,8,framestack_k8,1
7984,29.0,8,framestack_k8,1
7996,19.0,8,framestack_k8,1
8032,60.0,8,framestack_k8,1
8080,23.0,8,framestack_k8,1
8088,13.0,8,framestack_k8,1
8160,19.0,8,framestack_k8,1
8168,19.0,8,framestack_k8,1
8172,49.0,8,framestack_k8,1
8180,45.0,8,framestack_k8,1
8268,26.0,8,framestack_k8,1
8284,25.0,8,framestack_k8,1
8308,33.0,8,framestack_k8,1
8312,10.0,8,framestack_k8,1
8320,37.0,8,framestack_k8,1
8332,11.0,8,framestack_k8,1
8392,17.0,8,framestack_k8,1
8416,26.0,8,framestack_k8,1
8512,23.0,8,framestack_k8,1
8540,36.0,8,framestack_k8,1
8568,58.0,8,framestack_k8,1
8572,64.0,8,framestack_k8,1
8592,19.0,8,framestack_k8,1
8648,26.0,8,framestack_k8,1
8656,21.0,8,framestack_k8,1
8704,13.0,8,framestack_k8,1
8744,21.0,8,framestack_k8,1
8760,41.0,8,framestack_k8,1
8772,16.0,8,framestack_k8,1
8796,12.0,8,framestack_k8,1
8828,63.0,8,framestack_k8,1
8844,20.0,8,framestack_k8,1
8880,12.0,8,framestack_k8,1
8888,10.0,8,framestack_k8,1
8924,37.0,8,framestack_k8,1
8956,18.0,8,framestack_k8,1
8988,15.0,8,framestack_k8,1
8992,25.0,8,framestack_k8,1
9040,60.0,8,framestack_k8,1
9096,26.0,8,framestack_k8,1
9156,40.0,8,framestack_k8,1
9176,54.0,8,framestack_k8,1
9188,36.0,8,framestack_k8,1
9216,29.0,8,framestack_k8,1
9308,29.0,8,framestack_k8,1
9324,26.0,8,framestack_k8,1
9400,55.0,8,framestack_k8,1
9428,29.0,8,framestack_k8,1
9432,68.0,8,framestack_k8,1
9484,39.0,8,framestack_k8,1
9540,34.0,8,framestack_k8,1
9556,31.0,8,framestack_k8,1
9604,11.0,8,framestack_k8,1
9604,15.0,8,framestack_k8,1
9612,31.0,8,framestack_k8,1
9648,53.0,8,framestack_k8,1
9664,14.0,8,framestack_k8,1
9692,21.0,8,framestack_k8,1
9696,20.0,8,framestack_k8,1
9752,25.0,8,framestack_k8,1
9832,19.0,8,framestack_k8,1
9844,37.0,8,framestack_k8,1
9856,47.0,8,framestack_k8,1
9896,15.0,8,framestack_k8,1
9904,14.0,8,framestack_k8,1
9904,51.0,8,framestack_k8,1
9948,10.0,8,framestack_k8,1
10020,28.0,8,framestack_k8,1
10020,40.0,8,framestack_k8,1
10020,30.0,8,framestack_k8,1
10092,17.0,8,framestack_k8,1
10164,53.0,8,framestack_k8,1
10184,40.0,8,framestack_k8,1
10192,24.0,8,framestack_k8,1
10248,15.0,8,framestack_k8,1
10264,24.0,8,framestack_k8,1
10328,76.0,8,framestack_k8,1
10368,25.0,8,framestack_k8,1
10372,30.0,8,framestack_k8,1
10380,46.0,8,framestack_k8,1
10432,12.0,8,framestack_k8,1
10484,28.0,8,framestack_k8,1
10512,34.0,8,framestack_k8,1
10564,19.0,8,framestack_k8,1
10576,61.0,8,framestack_k8,1
10612,44.0,8,framestack_k8,1
10648,33.0,8,framestack_k8,1
10660,23.0,8,framestack_k8,1
10676,15.0,8,framestack_k8,1
10688,27.0,8,framestack_k8,1
10728,19.0,8,framestack_k8,1
10740,12.0,8,framestack_k8,1
10780,12.0,8,framestack_k8,1
10828,41.0,8,framestack_k8,1
10832,12.0,8,framestack_k8,1
10908,57.0,8,framestack_k8,1
10920,22.0,8,framestack_k8,1
10952,10.0,8,framestack_k8,1
10960,31.0,8,framestack_k8,1
10976,13.0,8,framestack_k8,1
11012,67.0,8,framestack_k8,1
11068,22.0,8,framestack_k8,1
11168,24.0,8,framestack_k8,1
11200,61.0,8,framestack_k8,1
11212,49.0,8,framestack_k8,1
11220,12.0,8,framestack_k8,1
11256,73.0,8,framestack_k8,1
11300,19.0,8,framestack_k8,1
11360,39.0,8,framestack_k8,1
11392,44.0,8,framestack_k8,1
11432,43.0,8,framestack_k8,1
11504,35.0,8,framestack_k8,1
11568,66.0,8,framestack_k8,1
11640,61.0,8,framestack_k8,1
11700,66.0,8,framestack_k8,1
11728,39.0,8,framestack_k8,1
11728,21.0,8,framestack_k8,1
11748,60.0,8,framestack_k8,1
11800,17.0,8,framestack_k8,1
11808,26.0,8,framestack_k8,1
11880,17.0,8,framestack_k8,1
11888,39.0,8,framestack_k8,1
11912,27.0,8,framestack_k8,1
11980,57.0,8,framestack_k8,1
12000,21.0,8,framestack_k8,1
12048,39.0,8,framestack_k8,1
12072,22.0,8,framestack_k8,1
12072,47.0,8,framestack_k8,1
12124,12.0,8,framestack_k8,1
12136,15.0,8,framestack_k8,1
12160,39.0,8,framestack_k8,1
12236,27.0,8,framestack_k8,1
12248,49.0,8,framestack_k8,1
12264,31.0,8,framestack_k8,1
12296,33.0,8,framestack_k8,1
12324,21.0,8,framestack_k8,1
12380,28.0,8,framestack_k8,1
12388,15.0,8,framestack_k8,1
12396,36.0,8,framestack_k8,1
12460,17.0,8,framestack_k8,1
12464,20.0,8,framestack_k8,1
12500,25.0,8,framestack_k8,1
12504,9.0,8,framestack_k8,1
12536,59.0,8,framestack_k8,1
12584,19.0,8,framestack_k8,1
12628,41.0,8,framestack_k8,1
12644,14.0,8,framestack_k8,1
12672,42.0,8,framestack_k8,1
12680,12.0,8,framestack_k8,1
12736,49.0,8,framestack_k8,1
12776,25.0,8,framestack_k8,1
12844,49.0,8,framestack_k8,1
12888,51.0,8,framestack_k8,1
12960,45.0,8,framestack_k8,1
13024,71.0,8,framestack_k8,1
13044,38.0,8,framestack_k8,1
13048,21.0,8,framestack_k8,1
13104,64.0,8,framestack_k8,1
13124,19.0,8,framestack_k8,1
13172,30.0,8,framestack_k8,1
13232,31.0,8,framestack_k8,1
13248,55.0,8,framestack_k8,1
13296,42.0,8,framestack_k8,1
13320,36.0,8,framestack_k8,1
13344,27.0,8,framestack_k8,1
13392,35.0,8,framestack_k8,1
13412,22.0,8,framestack_k8,1
13448,37.0,8,framestack_k8,1
13448,13.0,8,framestack_k8,1
13516,42.0,8,framestack_k8,1
13556,26.0,8,framestack_k8,1
13580,41.0,8,framestack_k8,1
13680,40.0,8,framestack_k8,1
13684,58.0,8,framestack_k8,1
13708,31.0,8,framestack_k8,1
13760,50.0,8,framestack_k8,1
13768,21.0,8,framestack_k8,1
13812,31.0,8,framestack_k8,1
13832,17.0,8,framestack_k8,1
13916,51.0,8,framestack_k8,1
13940,26.0,8,framestack_k8,1
13944,32.0,8,framestack_k8,1
13964,11.0,8,framestack_k8,1
13964,48.0,8,framestack_k8,1
14112,36.0,8,framestack_k8,1
14132,47.0,8,framestack_k8,1
14152,46.0,8,framestack_k8,1
14168,55.0,8,framestack_k8,1
14276,40.0,8,framestack_k8,1
14276,30.0,8,framestack_k8,1
14296,31.0,8,framestack_k8,1
14336,14.0,8,framestack_k8,1
14344,52.0,8,framestack_k8,1
14412,18.0,8,framestack_k8,1
14468,47.0,8,framestack_k8,1
14496,37.0,8,framestack_k8,1
14496,20.0,8,framestack_k8,1
14540,60.0,8,framestack_k8,1
14544,18.0,8,framestack_k8,1
14576,19.0,8,framestack_k8,1
14624,11.0,8,framestack_k8,1
14704,51.0,8,framestack_k8,1
14708,20.0,8,framestack_k8,1
14748,50.0,8,framestack_k8,1
14780,18.0,8,framestack_k8,1
14828,71.0,8,framestack_k8,1
14840,32.0,8,framestack_k8,1
14840,22.0,8,framestack_k8,1
14892,12.0,8,framestack_k8,1
14916,33.0,8,framestack_k8,1
14932,25.0,8,framestack_k8,1
15044,37.0,8,framestack_k8,1
15052,29.0,8,framestack_k8,1
15136,73.0,8,framestack_k8,1
15184,34.0,8,framestack_k8,1
15192,13.0,8,framestack_k8,1
15204,71.0,8,framestack_k8,1
15248,13.0,8,framestack_k8,1
15284,57.0,8,framestack_k8,1
15364,28.0,8,framestack_k8,1
15376,42.0,8,framestack_k8,1
15380,48.0,8,framestack_k8,1
15432,16.0,8,framestack_k8,1
15436,13.0,8,framestack_k8,1
15472,46.0,8,framestack_k8,1
15476,24.0,8,framestack_k8,1
15520,20.0,8,framestack_k8,1
15536,15.0,8,framestack_k8,1
15596,14.0,8,framestack_k8,1
15628,26.0,8,framestack_k8,1
15636,50.0,8,framestack_k8,1
15668,17.0,8,framestack_k8,1
15732,25.0,8,framestack_k8,1
15744,66.0,8,framestack_k8,1
15820,45.0,8,framestack_k8,1
15828,39.0,8,framestack_k8,1
15856,27.0,8,framestack_k8,1
15888,14.0,8,framestack_k8,1
15908,43.0,8,framestack_k8,1
15916,23.0,8,framestack_k8,1
16000,22.0,8,framestack_k8,1
16012,23.0,8,framestack_k8,1
16052,48.0,8,framestack_k8,1
16056,41.0,8,framestack_k8,1
16084,17.0,8,framestack_k8,1
16136,33.0,8,framestack_k8,1
16148,22.0,8,framestack_k8,1
16184,11.0,8,framestack_k8,1
16224,34.0,8,framestack_k8,1
16224,18.0,8,framestack_k8,1
16284,57.0,8,framestack_k8,1
16328,25.0,8,framestack_k8,1
16336,37.0,8,framestack_k8,1
16340,28.0,8,framestack_k8,1
16396,14.0,8,framestack_k8,1
16408,30.0,8,framestack_k8,1
16448,26.0,8,framestack_k8,1
16460,32.0,8,framestack_k8,1
16496,21.0,8,framestack_k8,1
16508,14.0,8,framestack_k8,1
16520,14.0,8,framestack_k8,1
16528,32.0,8,framestack_k8,1
16564,13.0,8,framestack_k8,1
16596,16.0,8,framestack_k8,1
16636,17.0,8,framestack_k8,1
16640,35.0,8,framestack_k8,1
16648,31.0,8,framestack_k8,1
16708,27.0,8,framestack_k8,1
16712,15.0,8,framestack_k8,1
16788,37.0,8,framestack_k8,1
16804,22.0,8,framestack_k8,1
16824,45.0,8,framestack_k8,1
16880,22.0,8,framestack_k8,1
16900,23.0,8,framestack_k8,1
16916,51.0,8,framestack_k8,1
17028,31.0,8,framestack_k8,1
17028,27.0,8,framestack_k8,1
17096,53.0,8,framestack_k8,1
17100,17.0,8,framestack_k8,1
17156,31.0,8,framestack_k8,1
17164,84.0,8,framestack_k8,1
17176,19.0,8,framestack_k8,1
17200,24.0,8,framestack_k8,1
17220,13.0,8,framestack_k8,1
17256,24.0,8,framestack_k8,1
17260,14.0,8,framestack_k8,1
17348,31.0,8,framestack_k8,1
17356,44.0,8,framestack_k8,1
17400,34.0,8,framestack_k8,1
17480,19.0,8,framestack_k8,1
17512,63.0,8,framestack_k8,1
17528,44.0,8,framestack_k8,1
17548,47.0,8,framestack_k8,1
17644,23.0,8,framestack_k8,1
17676,48.0,8,framestack_k8,1
17732,50.0,8,framestack_k8,1
17760,20.0,8,framestack_k8,1
17788,35.0,8,framestack_k8,1
17788,13.0,8,framestack_k8,1
17812,74.0,8,framestack_k8,1
17816,13.0,8,framestack_k8,1
17852,15.0,8,framestack_k8,1
17888,17.0,8,framestack_k8,1
17908,13.0,8,framestack_k8,1
17956,16.0,8,framestack_k8,1
18036,61.0,8,framestack_k8,1
18044,21.0,8,framestack_k8,1
18108,73.0,8,framestack_k8,1
18120,52.0,8,framestack_k8,1
18192,36.0,8,framestack_k8,1
18204,41.0,8,framestack_k8,1
18276,41.0,8,framestack_k8,1
18308,28.0,8,framestack_k8,1
18352,57.0,8,framestack_k8,1
18364,39.0,8,framestack_k8,1
18396,29.0,8,framestack_k8,1
18452,21.0,8,framestack_k8,1
18452,24.0,8,framestack_k8,1
18452,13.0,8,framestack_k8,1
18464,38.0,8,framestack_k8,1
18496,10.0,8,framestack_k8,1
18632,41.0,8,framestack_k8,1
18640,35.0,8,framestack_k8,1
18648,48.0,8,framestack_k8,1
18688,13.0,8,framestack_k8,1
18692,59.0,8,framestack_k8,1
18740,22.0,8,framestack_k8,1
18780,22.0,8,framestack_k8,1
18800,26.0,8,framestack_k8,1
18856,28.0,8,framestack_k8,1
18896,63.0,8,framestack_k8,1
18924,35.0,8,framestack_k8,1
18928,31.0,8,framestack_k8,1
18980,13.0,8,framestack_k8,1
19016,39.0,8,framestack_k8,1
19024,10.0,8,framestack_k8,1
19108,22.0,8,framestack_k8,1
19220,27.0,8,framestack_k8,1
19228,50.0,8,framestack_k8,1
19240,77.0,8,framestack_k8,1
19264,91.0,8,framestack_k8,1
19344,25.0,8,framestack_k8,1
19352,32.0,8,framestack_k8,1
19356,22.0,8,framestack_k8,1
19408,15.0,8,framestack_k8,1
19432,19.0,8,framestack_k8,1
19468,59.0,8,framestack_k8,1
19500,35.0,8,framestack_k8,1
19524,22.0,8,framestack_k8,1
19552,20.0,8,framestack_k8,1
19616,51.0,8,framestack_k8,1
19624,17.0,8,framestack_k8,1
19688,46.0,8,framestack_k8,1
19692,18.0,8,framestack_k8,1
19692,41.0,8,framestack_k8,1
19732,10.0,8,framestack_k8,1
19752,14.0,8,framestack_k8,1
19788,23.0,8,framestack_k8,1
19792,41.0,8,framestack_k8,1
19804,12.0,8,framestack_k8,1
19908,29.0,8,framestack_k8,1
19928,33.0,8,framestack_k8,1
19936,50.0,8,framestack_k8,1
19956,37.0,8,framestack_k8,1
20056,29.0,8,framestack_k8,1
20080,37.0,8,framestack_k8,1
20104,48.0,8,framestack_k8,1
20108,37.0,8,framestack_k8,1
20156,11.0,8,framestack_k8,1
20176,23.0,8,framestack_k8,1
20256,24.0,8,framestack_k8,1
20260,20.0,8,framestack_k8,1
20272,53.0,8,framestack_k8,1
20372,66.0,8,framestack_k8,1
20384,31.0,8,framestack_k8,1
20392,29.0,8,framestack_k8,1
20404,35.0,8,framestack_k8,1
20504,27.0,8,framestack_k8,1
20568,48.0,8,framestack_k8,1
20636,62.0,8,framestack_k8,1
20640,33.0,8,framestack_k8,1
20684,28.0,8,framestack_k8,1
20712,76.0,8,framestack_k8,1
20744,25.0,8,framestack_k8,1
20792,38.0,8,framestack_k8,1
20832,29.0,8,framestack_k8,1
20868,18.0,8,framestack_k8,1
20984,28.0,8,framestack_k8,1
20984,74.0,8,framestack_k8,1
20996,62.0,8,framestack_k8,1
21032,49.0,8,framestack_k8,1
21068,17.0,8,framestack_k8,1
21068,20.0,8,framestack_k8,1
21076,22.0,8,framestack_k8,1
21152,20.0,8,framestack_k8,1
21200,11.0,8,framestack_k8,1
21204,42.0,8,framestack_k8,1
21248,10.0,8,framestack_k8,1
21264,48.0,8,framestack_k8,1
21272,48.0,8,framestack_k8,1
21356,26.0,8,framestack_k8,1
21420,54.0,8,framestack_k8,1
21444,44.0,8,framestack_k8,1
21480,51.0,8,framestack_k8,1
21484,31.0,8,framestack_k8,1
21576,32.0,8,framestack_k8,1
21580,23.0,8,framestack_k8,1
21624,11.0,8,framestack_k8,1
21640,54.0,8,framestack_k8,1
21680,13.0,8,framestack_k8,1
21708,56.0,8,framestack_k8,1
21720,19.0,8,framestack_k8,1
21752,10.0,8,framestack_k8,1
21784,50.0,8,framestack_k8,1
21840,13.0,8,framestack_k8,1
21876,38.0,8,framestack_k8,1
21900,54.0,8,framestack_k8,1
21940,15.0,8,framestack_k8,1
22020,29.0,8,framestack_k8,1
22044,72.0,8,framestack_k8,1
22048,51.0,8,framestack_k8,1
22072,32.0,8,framestack_k8,1
22204,38.0,8,framestack_k8,1
22240,48.0,8,framestack_k8,1
22252,57.0,8,framestack_k8,1
22284,52.0,8,framestack_k8,1
22320,28.0,8,framestack_k8,1
22380,23.0,8,framestack_k8,1
22388,33.0,8,framestack_k8,1
22444,50.0,8,framestack_k8,1
22484,23.0,8,framestack_k8,1
22528,36.0,8,framestack_k8,1
22544,55.0,8,framestack_k8,1
22592,36.0,8,framestack_k8,1
22608,30.0,8,framestack_k8,1
22612,20.0,8,framestack_k8,1
22756,52.0,8,framestack_k8,1
22808,49.0,8,framestack_k8,1
22812,49.0,8,framestack_k8,1
22888,18.0,8,framestack_k8,1
22920,27.0,8,framestack_k8,1
23012,22.0,8,framestack_k8,1
23016,64.0,8,framestack_k8,1
23068,13.0,8,framestack_k8,1
23072,119.0,8,framestack_k8,1
23092,50.0,8,framestack_k8,1
23140,30.0,8,framestack_k8,1
23168,24.0,8,framestack_k8,1
23204,32.0,8,framestack_k8,1
23244,25.0,8,framestack_k8,1
23260,13.0,8,framestack_k8,1
23280,46.0,8,framestack_k8,1
23336,41.0,8,framestack_k8,1
23356,18.0,8,framestack_k8,1
23392,36.0,8,framestack_k8,1
23404,11.0,8,framestack_k8,1
23408,36.0,8,framestack_k8,1
23444,26.0,8,framestack_k8,1
23496,25.0,8,framestack_k8,1
23512,26.0,8,framestack_k8,1
23524,19.0,8,framestack_k8,1
23556,36.0,8,framestack_k8,1
23568,10.0,8,framestack_k8,1
23628,28.0,8,framestack_k8,1
23720,37.0,8,framestack_k8,1
23756,64.0,8,framestack_k8,1
23804,61.0,8,framestack_k8,1
23828,49.0,8,framestack_k8,1
23928,51.0,8,framestack_k8,1
23972,53.0,8,framestack_k8,1
24020,11.0,8,framestack_k8,1
24048,60.0,8,framestack_k8,1
24144,53.0,8,framestack_k8,1
24188,89.0,8,framestack_k8,1
24236,11.0,8,framestack_k8,1
24284,58.0,8,framestack_k8,1
24332,77.0,8,framestack_k8,1
24364,31.0,8,framestack_k8,1
24412,31.0,8,framestack_k8,1
24420,68.0,8,framestack_k8,1
24452,29.0,8,framestack_k8,1
24496,18.0,8,framestack_k8,1
24516,37.0,8,framestack_k8,1
24564,16.0,8,framestack_k8,1
24572,13.0,8,framestack_k8,1
24636,55.0,8,framestack_k8,1
24684,27.0,8,framestack_k8,1
24700,61.0,8,framestack_k8,1
24748,15.0,8,framestack_k8,1
24776,18.0,8,framestack_k8,1
24776,52.0,8,framestack_k8,1
24828,47.0,8,framestack_k8,1
24832,13.0,8,framestack_k8,1
24884,26.0,8,framestack_k8,1
24932,11.0,8,framestack_k8,1
24972,55.0,8,framestack_k8,1
24980,36.0,8,framestack_k8,1
25020,21.0,8,framestack_k8,1
25040,16.0,8,framestack_k8,1
25048,54.0,8,framestack_k8,1
25084,15.0,8,framestack_k8,1
25100,14.0,8,framestack_k8,1
25136,12.0,8,framestack_k8,1
25148,24.0,8,framestack_k8,1
25168,46.0,8,framestack_k8,1
25172,17.0,8,framestack_k8,1
25284,36.0,8,framestack_k8,1
25304,32.0,8,framestack_k8,1
25348,49.0,8,framestack_k8,1
25360,47.0,8,framestack_k8,1
25412,31.0,8,framestack_k8,1
25460,38.0,8,framestack_k8,1
25480,16.0,8,framestack_k8,1
25484,33.0,8,framestack_k8,1
25572,27.0,8,framestack_k8,1
25644,70.0,8,framestack_k8,1
25688,51.0,8,framestack_k8,1
25720,18.0,8,framestack_k8,1
25736,62.0,8,framestack_k8,1
25800,56.0,8,framestack_k8,1
25812,22.0,8,framestack_k8,1
25928,59.0,8,framestack_k8,1
25972,42.0,8,framestack_k8,1
25972,39.0,8,framestack_k8,1
26092,88.0,8,framestack_k8,1
26100,31.0,8,framestack_k8,1
26112,45.0,8,framestack_k8,1
26172,17.0,8,framestack_k8,1
26172,49.0,8,framestack_k8,1
26208,23.0,8,framestack_k8,1
26276,45.0,8,framestack_k8,1
26340,32.0,8,framestack_k8,1
26372,49.0,8,framestack_k8,1
26376,50.0,8,framestack_k8,1
26400,14.0,8,framestack_k8,1
26416,34.0,8,framestack_k8,1
26452,12.0,8,framestack_k8,1
26468,12.0,8,framestack_k8,1
26480,25.0,8,framestack_k8,1
26540,41.0,8,framestack_k8,1
26592,34.0,8,framestack_k8,1
26624,20.0,8,framestack_k8,1
26720,62.0,8,framestack_k8,1
26744,29.0,8,framestack_k8,1
26792,17.0,8,framestack_k8,1
26804,14.0,8,framestack_k8,1
26820,84.0,8,framestack_k8,1
26888,23.0,8,framestack_k8,1
26944,87.0,8,framestack_k8,1
26968,40.0,8,framestack_k8,1
26980,39.0,8,framestack_k8,1
27064,23.0,8,framestack_k8,1
27112,55.0,8,framestack_k8,1
27160,44.0,8,framestack_k8,1
27200,63.0,8,framestack_k8,1
27204,10.0,8,framestack_k8,1
27268,15.0,8,framestack_k8,1
27348,70.0,8,framestack_k8,1
27376,43.0,8,framestack_k8,1
27384,67.0,8,framestack_k8,1
27476,51.0,8,framestack_k8,1
27520,42.0,8,framestack_k8,1
27544,39.0,8,framestack_k8,1
27620,35.0,8,framestack_k8,1
27656,27.0,8,framestack_k8,1
27656,69.0,8,framestack_k8,1
27740,54.0,8,framestack_k8,1
27820,49.0,8,framestack_k8,1
27904,20.0,8,framestack_k8,1
27920,65.0,8,framestack_k8,1
27940,49.0,8,framestack_k8,1
27992,83.0,8,framestack_k8,1
28040,24.0,8,framestack_k8,1
28088,45.0,8,framestack_k8,1
28144,55.0,8,framestack_k8,1
28172,44.0,8,framestack_k8,1
28192,37.0,8,framestack_k8,1
28232,35.0,8,framestack_k8,1
28272,24.0,8,framestack_k8,1
28304,39.0,8,framestack_k8,1
28316,30.0,8,framestack_k8,1
28316,10.0,8,framestack_k8,1
28372,16.0,8,framestack_k8,1
28376,35.0,8,framestack_k8,1
28424,12.0,8,framestack_k8,1
28452,33.0,8,framestack_k8,1
28484,26.0,8,framestack_k8,1
28536,27.0,8,framestack_k8,1
28548,57.0,8,framestack_k8,1
28568,20.0,8,framestack_k8,1
28596,35.0,8,framestack_k8,1
28680,32.0,8,framestack_k8,1
28760,40.0,8,framestack_k8,1
28768,21.0,8,framestack_k8,1
28772,50.0,8,framestack_k8,1
28808,67.0,8,framestack_k8,1
28892,29.0,8,framestack_k8,1
28896,33.0,8,framestack_k8,1
29052,70.0,8,framestack_k8,1
29096,49.0,8,framestack_k8,1
29120,77.0,8,framestack_k8,1
29192,74.0,8,framestack_k8,1
29204,20.0,8,framestack_k8,1
29212,39.0,8,framestack_k8,1
29232,33.0,8,framestack_k8,1
29280,16.0,8,framestack_k8,1
29296,15.0,8,framestack_k8,1
29296,25.0,8,framestack_k8,1
29368,21.0,8,framestack_k8,1
29396,47.0,8,framestack_k8,1
29452,20.0,8,framestack_k8,1
29488,47.0,8,framestack_k8,1
29496,49.0,8,framestack_k8,1
29540,12.0,8,framestack_k8,1
29616,29.0,8,framestack_k8,1
29652,49.0,8,framestack_k8,1
29720,80.0,8,framestack_k8,1
29724,26.0,8,framestack_k8,1
29736,20.0,8,framestack_k8,1
29808,66.0,8,framestack_k8,1
29836,24.0,8,framestack_k8,1
29836,27.0,8,framestack_k8,1
29868,14.0,8,framestack_k8,1
29940,54.0,8,framestack_k8,1
29956,29.0,8,framestack_k8,1
30004,15.0,8,framestack_k8,1
30060,25.0,8,framestack_k8,1
30060,47.0,8,framestack_k8,1
30072,58.0,8,framestack_k8,1
30212,37.0,8,framestack_k8,1
30240,41.0,8,framestack_k8,1
30264,64.0,8,framestack_k8,1
30276,53.0,8,framestack_k8,1
30292,19.0,8,framestack_k8,1
30336,17.0,8,framestack_k8,1
30376,20.0,8,framestack_k8,1
30428,37.0,8,framestack_k8,1
30504,41.0,8,framestack_k8,1
30556,78.0,8,framestack_k8,1
30592,21.0,8,framestack_k8,1
30612,13.0,8,framestack_k8,1
30616,46.0,8,framestack_k8,1
30632,63.0,8,framestack_k8,1
30684,12.0,8,framestack_k8,1
30752,16.0,8,framestack_k8,1
30844,57.0,8,framestack_k8,1
30848,63.0,8,framestack_k8,1
30872,63.0,8,framestack_k8,1
30916,40.0,8,framestack_k8,1
30936,21.0,8,framestack_k8,1
31056,29.0,8,framestack_k8,1
31060,35.0,8,framestack_k8,1
31072,56.0,8,framestack_k8,1
31116,60.0,8,framestack_k8,1
31136,15.0,8,framestack_k8,1
31216,39.0,8,framestack_k8,1
31272,38.0,8,framestack_k8,1
31308,22.0,8,framestack_k8,1
31312,62.0,8,framestack_k8,1
31364,56.0,8,framestack_k8,1
31412,24.0,8,framestack_k8,1
31432,30.0,8,framestack_k8,1
31476,50.0,8,framestack_k8,1
31528,12.0,8,framestack_k8,1
31560,48.0,8,framestack_k8,1
31596,45.0,8,framestack_k8,1
31632,49.0,8,framestack_k8,1
31652,13.0,8,framestack_k8,1
31716,46.0,8,framestack_k8,1
31720,39.0,8,framestack_k8,1
31760,26.0,8,framestack_k8,1
31876,28.0,8,framestack_k8,1
31916,70.0,8,framestack_k8,1
31948,57.0,8,framestack_k8,1
32000,69.0,8,framestack_k8,1
32076,31.0,8,framestack_k8,1
32120,50.0,8,framestack_k8,1
32144,16.0,8,framestack_k8,1
32212,16.0,8,framestack_k8,1
32288,41.0,8,framestack_k8,1
32316,109.0,8,framestack_k8,1
32420,104.0,8,framestack_k8,1
32460,35.0,8,framestack_k8,1
32508,11.0,8,framestack_k8,1
32536,61.0,8,framestack_k8,1
32600,44.0,8,framestack_k8,1
32600,96.0,8,framestack_k8,1
32616,26.0,8,framestack_k8,1
32652,28.0,8,framestack_k8,1
32696,23.0,8,framestack_k8,1
32840,46.0,8,framestack_k8,1
32988,72.0,8,framestack_k8,1
33020,100.0,8,framestack_k8,1
33036,48.0,8,framestack_k8,1
33128,131.0,8,framestack_k8,1
33168,9.0,8,framestack_k8,1
33188,49.0,8,framestack_k8,1
33236,49.0,8,framestack_k8,1
33392,38.0,8,framestack_k8,1
33420,99.0,8,framestack_k8,1
33448,64.0,8,framestack_k8,1
33536,91.0,8,framestack_k8,1
33628,58.0,8,framestack_k8,1
33640,25.0,8,framestack_k8,1
33676,56.0,8,framestack_k8,1
33720,22.0,8,framestack_k8,1
33924,70.0,8,framestack_k8,1
33940,54.0,8,framestack_k8,1
34060,159.0,8,framestack_k8,1
34072,98.0,8,framestack_k8,1
34156,57.0,8,framestack_k8,1
34200,34.0,8,framestack_k8,1
34256,24.0,8,framestack_k8,1
34284,85.0,8,framestack_k8,1
34340,34.0,8,framestack_k8,1
34380,30.0,8,framestack_k8,1
34412,84.0,8,framestack_k8,1
34468,21.0,8,framestack_k8,1
34488,36.0,8,framestack_k8,1
34504,54.0,8,framestack_k8,1
34600,23.0,8,framestack_k8,1
34628,39.0,8,framestack_k8,1
34664,43.0,8,framestack_k8,1
34688,68.0,8,framestack_k8,1
34700,17.0,8,framestack_k8,1
34776,18.0,8,framestack_k8,1
34836,58.0,8,framestack_k8,1
34908,60.0,8,framestack_k8,1
34908,17.0,8,framestack_k8,1
34960,67.0,8,framestack_k8,1
35000,22.0,8,framestack_k8,1
35012,25.0,8,framestack_k8,1
35080,19.0,8,framestack_k8,1
35132,88.0,8,framestack_k8,1
35136,43.0,8,framestack_k8,1
35200,15.0,8,framestack_k8,1
35264,62.0,8,framestack_k8,1
35292,52.0,8,framestack_k8,1
35320,46.0,8,framestack_k8,1
35424,39.0,8,framestack_k8,1
35436,28.0,8,framestack_k8,1
35468,10.0,8,framestack_k8,1
35568,32.0,8,framestack_k8,1
35648,88.0,8,framestack_k8,1
35660,114.0,8,framestack_k8,1
35800,34.0,8,framestack_k8,1
35884,78.0,8,framestack_k8,1
35904,63.0,8,framestack_k8,1
36032,36.0,8,framestack_k8,1
36052,62.0,8,framestack_k8,1
36072,150.0,8,framestack_k8,1
36164,27.0,8,framestack_k8,1
36212,76.0,8,framestack_k8,1
36212,44.0,8,framestack_k8,1
36368,38.0,8,framestack_k8,1
36420,51.0,8,framestack_k8,1
36428,65.0,8,framestack_k8,1
36524,38.0,8,framestack_k8,1
36528,113.0,8,framestack_k8,1
36608,19.0,8,framestack_k8,1
36692,20.0,8,framestack_k8,1
36692,41.0,8,framestack_k8,1
36716,73.0,8,framestack_k8,1
36868,37.0,8,framestack_k8,1
36896,116.0,8,framestack_k8,1
36956,65.0,8,framestack_k8,1
37036,41.0,8,framestack_k8,1
37284,147.0,8,framestack_k8,1
37352,78.0,8,framestack_k8,1
37408,13.0,8,framestack_k8,1
37420,130.0,8,framestack_k8,1
37496,52.0,8,framestack_k8,1
37568,152.0,8,framestack_k8,1
37636,53.0,8,framestack_k8,1
37744,83.0,8,framestack_k8,1
37796,39.0,8,framestack_k8,1
37908,84.0,8,framestack_k8,1
37956,52.0,8,framestack_k8,1
37968,14.0,8,framestack_k8,1
38312,128.0,8,framestack_k8,1
38428,232.0,8,framestack_k8,1
38436,119.0,8,framestack_k8,1
38460,122.0,8,framestack_k8,1
38480,10.0,8,framestack_k8,1
38584,30.0,8,framestack_k8,1
38596,70.0,8,framestack_k8,1
38788,47.0,8,framestack_k8,1
38824,85.0,8,framestack_k8,1
38856,16.0,8,framestack_k8,1
38924,24.0,8,framestack_k8,1
39208,155.0,8,framestack_k8,1
39252,205.0,8,framestack_k8,1
39312,25.0,8,framestack_k8,1
39380,113.0,8,framestack_k8,1
39396,35.0,8,framestack_k8,1
39424,141.0,8,framestack_k8,1
39436,30.0,8,framestack_k8,1
39504,30.0,8,framestack_k8,1
39544,26.0,8,framestack_k8,1
39600,13.0,8,framestack_k8,1
39604,51.0,8,framestack_k8,1
39752,36.0,8,framestack_k8,1
39812,14.0,8,framestack_k8,1
39920,123.0,8,framestack_k8,1
40012,102.0,8,framestack_k8,1
40024,129.0,8,framestack_k8,1
40136,80.0,8,framestack_k8,1
40228,50.0,8,framestack_k8,1
40344,28.0,8,framestack_k8,1
40472,137.0,8,framestack_k8,1
40496,37.0,8,framestack_k8,1
40604,32.0,8,framestack_k8,1
40700,171.0,8,framestack_k8,1
40700,23.0,8,framestack_k8,1
40764,15.0,8,framestack_k8,1
40808,167.0,8,framestack_k8,1
40948,112.0,8,framestack_k8,1
41016,16.0,8,framestack_k8,1
41116,87.0,8,framestack_k8,1
41144,110.0,8,framestack_k8,1
41268,37.0,8,framestack_k8,1
41300,70.0,8,framestack_k8,1
41540,182.0,8,framestack_k8,1
41632,22.0,8,framestack_k8,1
41796,162.0,8,framestack_k8,1
41804,133.0,8,framestack_k8,1
41856,138.0,8,framestack_k8,1
42060,50.0,8,framestack_k8,1
42072,109.0,8,framestack_k8,1
42144,86.0,8,framestack_k8,1
42184,27.0,8,framestack_k8,1
42276,117.0,8,framestack_k8,1
42360,53.0,8,framestack_k8,1
42432,61.0,8,framestack_k8,1
42436,93.0,8,framestack_k8,1
42572,73.0,8,framestack_k8,1
42648,53.0,8,framestack_k8,1
42680,60.0,8,framestack_k8,1
42732,92.0,8,framestack_k8,1
42788,53.0,8,framestack_k8,1
42800,16.0,8,framestack_k8,1
42860,52.0,8,framestack_k8,1
42892,25.0,8,framestack_k8,1
42944,65.0,8,framestack_k8,1
43076,45.0,8,framestack_k8,1
43212,102.0,8,framestack_k8,1
43216,67.0,8,framestack_k8,1
43252,43.0,8,framestack_k8,1
43276,14.0,8,framestack_k8,1
43288,106.0,8,framestack_k8,1
43328,28.0,8,framestack_k8,1
43380,22.0,8,framestack_k8,1
43420,35.0,8,framestack_k8,1
43436,45.0,8,framestack_k8,1
43464,10.0,8,framestack_k8,1
43556,43.0,8,framestack_k8,1
43596,32.0,8,framestack_k8,1
43744,36.0,8,framestack_k8,1
43768,109.0,8,framestack_k8,1
43864,23.0,8,framestack_k8,1
43956,22.0,8,framestack_k8,1
44060,155.0,8,framestack_k8,1
44100,88.0,8,framestack_k8,1
44176,28.0,8,framestack_k8,1
44236,169.0,8,framestack_k8,1
44352,62.0,8,framestack_k8,1
44448,122.0,8,framestack_k8,1
44532,73.0,8,framestack_k8,1
44556,50.0,8,framestack_k8,1
44568,97.0,8,framestack_k8,1
44656,24.0,8,framestack_k8,1
44748,74.0,8,framestack_k8,1
44872,30.0,8,framestack_k8,1
44912,63.0,8,framestack_k8,1
45076,126.0,8,framestack_k8,1
45128,148.0,8,framestack_k8,1
45176,24.0,8,framestack_k8,1
45200,81.0,8,framestack_k8,1
45276,24.0,8,framestack_k8,1
45296,41.0,8,framestack_k8,1
45376,115.0,8,framestack_k8,1
45416,34.0,8,framestack_k8,1
45488,17.0,8,framestack_k8,1
45508,76.0,8,framestack_k8,1
45648,87.0,8,framestack_k8,1
45712,83.0,8,framestack_k8,1
45740,22.0,8,framestack_k8,1
45920,102.0,8,framestack_k8,1
45924,45.0,8,framestack_k8,1
45956,60.0,8,framestack_k8,1
46288,82.0,8,framestack_k8,1
46304,203.0,8,framestack_k8,1
46416,27.0,8,framestack_k8,1
46452,131.0,8,framestack_k8,1
46512,55.0,8,framestack_k8,1
46616,40.0,8,framestack_k8,1
46632,53.0,8,framestack_k8,1
46792,69.0,8,framestack_k8,1
46792,39.0,8,framestack_k8,1
46884,22.0,8,framestack_k8,1
47060,284.0,8,framestack_k8,1
47136,18.0,8,framestack_k8,1
47220,150.0,8,framestack_k8,1
47420,133.0,8,framestack_k8,1
47468,82.0,8,framestack_k8,1
47496,18.0,8,framestack_k8,1
47520,74.0,8,framestack_k8,1
47532,184.0,8,framestack_k8,1
47772,75.0,8,framestack_k8,1
47832,83.0,8,framestack_k8,1
48048,131.0,8,framestack_k8,1
48112,144.0,8,framestack_k8,1
48164,97.0,8,framestack_k8,1
48504,167.0,8,framestack_k8,1
48532,104.0,8,framestack_k8,1
48540,93.0,8,framestack_k8,1
48548,124.0,8,framestack_k8,1
48592,14.0,8,framestack_k8,1
48656,26.0,8,framestack_k8,1
48764,64.0,8,framestack_k8,1
48828,71.0,8,framestack_k8,1
49032,66.0,8,framestack_k8,1
49188,148.0,8,framestack_k8,1
49284,156.0,8,framestack_k8,1
49360,132.0,8,framestack_k8,1
49520,82.0,8,framestack_k8,1
49528,123.0,8,framestack_k8,1
49756,117.0,8,framestack_k8,1
49812,70.0,8,framestack_k8,1
49836,118.0,8,framestack_k8,1
49988,37.0,8,framestack_k8,1
50072,137.0,8,framestack_k8,1
50072,20.0,8,framestack_k8,1
50152,98.0,8,framestack_k8,1
50388,78.0,8,framestack_k8,1
50444,13.0,8,framestack_k8,1
50536,95.0,8,framestack_k8,1
50548,183.0,8,framestack_k8,1
50796,87.0,8,framestack_k8,1
50980,226.0,8,framestack_k8,1
51160,155.0,8,framestack_k8,1
51208,164.0,8,framestack_k8,1
51312,128.0,8,framestack_k8,1
51360,94.0,8,framestack_k8,1
51508,48.0,8,framestack_k8,1
51752,97.0,8,framestack_k8,1
51764,150.0,8,framestack_k8,1
51824,78.0,8,framestack_k8,1
52092,220.0,8,framestack_k8,1
52248,105.0,8,framestack_k8,1
52524,192.0,8,framestack_k8,1
52688,109.0,8,framestack_k8,1
52888,49.0,8,framestack_k8,1
52948,105.0,8,framestack_k8,1
53112,336.0,8,framestack_k8,1
53160,52.0,8,framestack_k8,1
53164,267.0,8,framestack_k8,1
53176,15.0,8,framestack_k8,1
53228,12.0,8,framestack_k8,1
53460,142.0,8,framestack_k8,1
53672,110.0,8,framestack_k8,1
53744,70.0,8,framestack_k8,1
53948,68.0,8,framestack_k8,1
54004,13.0,8,framestack_k8,1
54040,219.0,8,framestack_k8,1
54072,226.0,8,framestack_k8,1
54140,98.0,8,framestack_k8,1
54316,60.0,8,framestack_k8,1
54344,84.0,8,framestack_k8,1
54436,73.0,8,framestack_k8,1
54640,73.0,8,framestack_k8,1
54708,67.0,8,framestack_k8,1
54824,126.0,8,framestack_k8,1
54852,202.0,8,framestack_k8,1
55128,121.0,8,framestack_k8,1
55212,125.0,8,framestack_k8,1
55420,51.0,8,framestack_k8,1
55460,151.0,8,framestack_k8,1
55476,86.0,8,framestack_k8,1
55512,171.0,8,framestack_k8,1
55720,74.0,8,framestack_k8,1
55744,66.0,8,framestack_k8,1
55768,11.0,8,framestack_k8,1
55848,83.0,8,framestack_k8,1
56072,81.0,8,framestack_k8,1
56084,58.0,8,framestack_k8,1
56108,161.0,8,framestack_k8,1
56308,55.0,8,framestack_k8,1
56480,177.0,8,framestack_k8,1
56544,108.0,8,framestack_k8,1
56544,58.0,8,framestack_k8,1
56668,148.0,8,framestack_k8,1
56932,96.0,8,framestack_k8,1
56932,96.0,8,framestack_k8,1
57028,89.0,8,framestack_k8,1
57068,33.0,8,framestack_k8,1
57072,147.0,8,framestack_k8,1
57208,44.0,8,framestack_k8,1
57580,127.0,8,framestack_k8,1
57836,225.0,8,framestack_k8,1
58148,234.0,8,framestack_k8,1
58252,294.0,8,framestack_k8,1
58272,108.0,8,framestack_k8,1
58332,187.0,8,framestack_k8,1
58560,56.0,8,framestack_k8,1
58680,106.0,8,framestack_k8,1
58700,137.0,8,framestack_k8,1
58792,57.0,8,framestack_k8,1
58832,32.0,8,framestack_k8,1
58912,159.0,8,framestack_k8,1
58972,14.0,8,framestack_k8,1
59008,53.0,8,framestack_k8,1
59056,93.0,8,framestack_k8,1
59252,48.0,8,framestack_k8,1
59372,134.0,8,framestack_k8,1
59508,133.0,8,framestack_k8,1
59792,134.0,8,framestack_k8,1
59804,73.0,8,framestack_k8,1
59884,127.0,8,framestack_k8,1
60232,305.0,8,framestack_k8,1
60348,28.0,8,framestack_k8,1
60472,166.0,8,framestack_k8,1
60516,180.0,8,framestack_k8,1
60552,166.0,8,framestack_k8,1
61036,120.0,8,framestack_k8,1
61116,191.0,8,framestack_k8,1
61200,20.0,8,framestack_k8,1
61212,184.0,8,framestack_k8,1
61460,105.0,8,framestack_k8,1
61604,271.0,8,framestack_k8,1
61628,103.0,8,framestack_k8,1
61720,64.0,8,framestack_k8,1
61940,184.0,8,framestack_k8,1
61984,94.0,8,framestack_k8,1
62088,91.0,8,framestack_k8,1
62228,149.0,8,framestack_k8,1
62332,97.0,8,framestack_k8,1
62364,68.0,8,framestack_k8,1
62588,63.0,8,framestack_k8,1
62648,70.0,8,framestack_k8,1
62728,185.0,8,framestack_k8,1
62908,169.0,8,framestack_k8,1
62928,69.0,8,framestack_k8,1
63132,55.0,8,framestack_k8,1
63200,152.0,8,framestack_k8,1
63312,145.0,8,framestack_k8,1
63672,185.0,8,framestack_k8,1
63676,90.0,8,framestack_k8,1
63676,118.0,8,framestack_k8,1
63728,148.0,8,framestack_k8,1
63984,77.0,8,framestack_k8,1
64124,34.0,8,framestack_k8,1
64244,141.0,8,framestack_k8,1
64272,135.0,8,framestack_k8,1
64412,183.0,8,framestack_k8,1
64596,117.0,8,framestack_k8,1
64792,94.0,8,framestack_k8,1
64912,159.0,8,framestack_k8,1
64932,83.0,8,framestack_k8,1
65220,76.0,8,framestack_k8,1
65308,128.0,8,framestack_k8,1
65420,293.0,8,framestack_k8,1
65600,166.0,8,framestack_k8,1
65752,132.0,8,framestack_k8,1
65988,141.0,8,framestack_k8,1
66160,42.0,8,framestack_k8,1
66196,221.0,8,framestack_k8,1
66236,18.0,8,framestack_k8,1
66312,177.0,8,framestack_k8,1
66484,182.0,8,framestack_k8,1
66676,119.0,8,framestack_k8,1
66764,112.0,8,framestack_k8,1
66816,144.0,8,framestack_k8,1
66940,43.0,8,framestack_k8,1
67076,147.0,8,framestack_k8,1
67340,65.0,8,framestack_k8,1
67536,214.0,8,framestack_k8,1
67696,88.0,8,framestack_k8,1
67764,205.0,8,framestack_k8,1
67936,279.0,8,framestack_k8,1
68132,91.0,8,framestack_k8,1
68304,42.0,8,framestack_k8,1
68444,126.0,8,framestack_k8,1
68448,227.0,8,framestack_k8,1
68608,40.0,8,framestack_k8,1
68720,27.0,8,framestack_k8,1
68724,256.0,8,framestack_k8,1
68744,73.0,8,framestack_k8,1
68824,129.0,8,framestack_k8,1
68852,26.0,8,framestack_k8,1
68884,39.0,8,framestack_k8,1
68960,59.0,8,framestack_k8,1
68964,27.0,8,framestack_k8,1
69088,30.0,8,framestack_k8,1
69548,146.0,8,framestack_k8,1
69664,194.0,8,framestack_k8,1
69684,148.0,8,framestack_k8,1
69760,52.0,8,framestack_k8,1
69896,267.0,8,framestack_k8,1
70156,117.0,8,framestack_k8,1
70340,168.0,8,framestack_k8,1
70500,85.0,8,framestack_k8,1
70576,169.0,8,framestack_k8,1
70708,51.0,8,framestack_k8,1
70724,95.0,8,framestack_k8,1
70888,77.0,8,framestack_k8,1
71112,55.0,8,framestack_k8,1
71184,355.0,8,framestack_k8,1
71204,123.0,8,framestack_k8,1
71268,15.0,8,framestack_k8,1
71408,170.0,8,framestack_k8,1
71520,101.0,8,framestack_k8,1
71928,185.0,8,framestack_k8,1
71956,171.0,8,framestack_k8,1
72212,172.0,8,framestack_k8,1
72344,233.0,8,framestack_k8,1
72620,101.0,8,framestack_k8,1
72776,38.0,8,framestack_k8,1
72780,212.0,8,framestack_k8,1
73044,174.0,8,framestack_k8,1
73116,289.0,8,framestack_k8,1
73176,99.0,8,framestack_k8,1
73340,139.0,8,framestack_k8,1
73528,87.0,8,framestack_k8,1
73600,138.0,8,framestack_k8,1
73616,124.0,8,framestack_k8,1
73708,22.0,8,framestack_k8,1
73824,120.0,8,framestack_k8,1
74120,129.0,8,framestack_k8,1
74148,109.0,8,framestack_k8,1
74232,101.0,8,framestack_k8,1
74352,205.0,8,framestack_k8,1
74504,37.0,8,framestack_k8,1
74612,115.0,8,framestack_k8,1
74684,112.0,8,framestack_k8,1
75140,254.0,8,framestack_k8,1
75292,151.0,8,framestack_k8,1
75424,202.0,8,framestack_k8,1
75460,238.0,8,framestack_k8,1
75564,25.0,8,framestack_k8,1
75596,75.0,8,framestack_k8,1
76052,227.0,8,framestack_k8,1
76152,138.0,8,framestack_k8,1
76296,35.0,8,framestack_k8,1
76308,63.0,8,framestack_k8,1
76360,198.0,8,framestack_k8,1
76412,246.0,8,framestack_k8,1
76644,70.0,8,framestack_k8,1
76652,85.0,8,framestack_k8,1
76740,81.0,8,framestack_k8,1
76924,156.0,8,framestack_k8,1
77088,110.0,8,framestack_k8,1
77200,114.0,8,framestack_k8,1
77232,35.0,8,framestack_k8,1
77268,85.0,8,framestack_k8,1
77472,204.0,8,framestack_k8,1
77616,86.0,8,framestack_k8,1
77668,108.0,8,framestack_k8,1
77692,122.0,8,framestack_k8,1
77956,120.0,8,framestack_k8,1
78208,128.0,8,framestack_k8,1
78312,160.0,8,framestack_k8,1
78428,117.0,8,framestack_k8,1
78432,55.0,8,framestack_k8,1
78740,77.0,8,framestack_k8,1
78804,296.0,8,framestack_k8,1
78872,109.0,8,framestack_k8,1
78980,166.0,8,framestack_k8,1
79040,41.0,8,framestack_k8,1
79156,28.0,8,framestack_k8,1
79300,139.0,8,framestack_k8,1
79492,171.0,8,framestack_k8,1
79680,130.0,8,framestack_k8,1
79756,193.0,8,framestack_k8,1
79864,140.0,8,framestack_k8,1
80244,187.0,8,framestack_k8,1
80320,159.0,8,framestack_k8,1
80440,143.0,8,framestack_k8,1
80720,240.0,8,framestack_k8,1
80876,138.0,8,framestack_k8,1
80900,114.0,8,framestack_k8,1
81084,51.0,8,framestack_k8,1
81132,221.0,8,framestack_k8,1
81316,45.0,8,framestack_k8,1
81448,181.0,8,framestack_k8,1
81488,146.0,8,framestack_k8,1
81592,68.0,8,framestack_k8,1
81704,27.0,8,framestack_k8,1
81948,215.0,8,framestack_k8,1
82004,138.0,8,framestack_k8,1
82044,138.0,8,framestack_k8,1
82116,17.0,8,framestack_k8,1
82184,16.0,8,framestack_k8,1
82660,177.0,8,framestack_k8,1
82828,205.0,8,framestack_k8,1
82884,294.0,8,framestack_k8,1
83000,84.0,8,framestack_k8,1
83100,67.0,8,framestack_k8,1
83296,102.0,8,framestack_k8,1
83444,36.0,8,framestack_k8,1
83480,323.0,8,framestack_k8,1
83880,194.0,8,framestack_k8,1
84112,277.0,8,framestack_k8,1
84148,175.0,8,framestack_k8,1
84624,285.0,8,framestack_k8,1
84764,153.0,8,framestack_k8,1
84840,181.0,8,framestack_k8,1
84844,240.0,8,framestack_k8,1
85124,69.0,8,framestack_k8,1
85256,103.0,8,framestack_k8,1
85412,196.0,8,framestack_k8,1
85572,201.0,8,framestack_k8,1
85620,123.0,8,framestack_k8,1
85736,40.0,8,framestack_k8,1
85736,28.0,8,framestack_k8,1
85848,147.0,8,framestack_k8,1
85852,28.0,8,framestack_k8,1
86132,179.0,8,framestack_k8,1
86204,87.0,8,framestack_k8,1
86416,141.0,8,framestack_k8,1
86576,209.0,8,framestack_k8,1
86636,107.0,8,framestack_k8,1
86684,137.0,8,framestack_k8,1
86896,119.0,8,framestack_k8,1
87156,117.0,8,framestack_k8,1
87240,165.0,8,framestack_k8,1
87260,90.0,8,framestack_k8,1
87384,30.0,8,framestack_k8,1
87576,234.0,8,framestack_k8,1
87644,121.0,8,framestack_k8,1
87740,88.0,8,framestack_k8,1
87888,60.0,8,framestack_k8,1
87968,181.0,8,framestack_k8,1
88036,36.0,8,framestack_k8,1
88152,143.0,8,framestack_k8,1
88184,110.0,8,framestack_k8,1
88396,89.0,8,framestack_k8,1
88444,72.0,8,framestack_k8,1
88552,26.0,8,framestack_k8,1
88696,127.0,8,framestack_k8,1
88852,38.0,8,framestack_k8,1
89200,200.0,8,framestack_k8,1
89348,344.0,8,framestack_k8,1
89380,206.0,8,framestack_k8,1
89424,142.0,8,framestack_k8,1
89648,74.0,8,framestack_k8,1
89792,102.0,8,framestack_k8,1
89796,148.0,8,framestack_k8,1
89912,29.0,8,framestack_k8,1
90088,165.0,8,framestack_k8,1
90292,50.0,8,framestack_k8,1
90468,138.0,8,framestack_k8,1
90472,168.0,8,framestack_k8,1
90596,31.0,8,framestack_k8,1
90632,245.0,8,framestack_k8,1
91224,147.0,8,framestack_k8,1
91280,201.0,8,framestack_k8,1
91336,260.0,8,framestack_k8,1
91392,41.0,8,framestack_k8,1
91668,267.0,8,framestack_k8,1
92052,178.0,8,framestack_k8,1
92136,213.0,8,framestack_k8,1
92436,260.0,8,framestack_k8,1
92652,128.0,8,framestack_k8,1
92724,263.0,8,framestack_k8,1
92880,206.0,8,framestack_k8,1
93068,157.0,8,framestack_k8,1
93240,128.0,8,framestack_k8,1
93576,173.0,8,framestack_k8,1
93700,157.0,8,framestack_k8,1
93700,114.0,8,framestack_k8,1
93908,313.0,8,framestack_k8,1
94060,37.0,8,framestack_k8,1
94112,133.0,8,framestack_k8,1
94148,21.0,8,framestack_k8,1
94308,48.0,8,framestack_k8,1
94404,175.0,8,framestack_k8,1
94604,225.0,8,framestack_k8,1
94728,144.0,8,framestack_k8,1
94988,169.0,8,framestack_k8,1
95188,195.0,8,framestack_k8,1
95208,119.0,8,framestack_k8,1
95516,227.0,8,framestack_k8,1
95652,115.0,8,framestack_k8,1
95888,224.0,8,framestack_k8,1
95940,12.0,8,framestack_k8,1
95972,190.0,8,framestack_k8,1
96108,147.0,8,framestack_k8,1
96236,73.0,8,framestack_k8,1
96304,162.0,8,framestack_k8,1
96372,99.0,8,framestack_k8,1
96824,129.0,8,framestack_k8,1
96920,202.0,8,framestack_k8,1
96932,173.0,8,framestack_k8,1
97400,256.0,8,framestack_k8,1
97476,135.0,8,framestack_k8,1
97616,197.0,8,framestack_k8,1
98032,103.0,8,framestack_k8,1
98068,166.0,8,framestack_k8,1
98088,291.0,8,framestack_k8,1
98096,154.0,8,framestack_k8,1
98612,135.0,8,framestack_k8,1
98764,37.0,8,framestack_k8,1
99036,234.0,8,framestack_k8,1
99244,288.0,8,framestack_k8,1
99308,135.0,8,framestack_k8,1
99356,330.0,8,framestack_k8,1
99376,84.0,8,framestack_k8,1
100084,209.0,8,framestack_k8,1
100108,182.0,8,framestack_k8,1
100160,212.0,8,framestack_k8,1
100300,53.0,8,framestack_k8,1
100656,324.0,8,framestack_k8,1
100876,143.0,8,framestack_k8,1
101100,247.0,8,framestack_k8,1
101252,272.0,8,framestack_k8,1
101644,246.0,8,framestack_k8,1
101656,100.0,8,framestack_k8,1
102156,127.0,8,framestack_k8,1
102304,36.0,8,framestack_k8,1
102304,300.0,8,framestack_k8,1
102880,500.0,8,framestack_k8,1
102968,165.0,8,framestack_k8,1
103040,17.0,8,framestack_k8,1
103136,207.0,8,framestack_k8,1
103256,399.0,8,framestack_k8,1
103408,37.0,8,framestack_k8,1
103436,138.0,8,framestack_k8,1
103644,51.0,8,framestack_k8,1
103736,173.0,8,framestack_k8,1
103752,85.0,8,framestack_k8,1
103824,171.0,8,framestack_k8,1
104016,65.0,8,framestack_k8,1
104124,74.0,8,framestack_k8,1
104164,129.0,8,framestack_k8,1
104416,72.0,8,framestack_k8,1
104432,173.0,8,framestack_k8,1
104516,20.0,8,framestack_k8,1
104820,75.0,8,framestack_k8,1
104940,193.0,8,framestack_k8,1
105168,86.0,8,framestack_k8,1
105200,295.0,8,framestack_k8,1
105224,201.0,8,framestack_k8,1
105304,25.0,8,framestack_k8,1
105468,60.0,8,framestack_k8,1
105732,65.0,8,framestack_k8,1
105872,141.0,8,framestack_k8,1
106036,273.0,8,framestack_k8,1
106292,280.0,8,framestack_k8,1
106304,107.0,8,framestack_k8,1
106396,165.0,8,framestack_k8,1
106684,71.0,8,framestack_k8,1
106784,122.0,8,framestack_k8,1
106800,190.0,8,framestack_k8,1
106936,62.0,8,framestack_k8,1
106972,166.0,8,framestack_k8,1
107164,94.0,8,framestack_k8,1
107212,68.0,8,framestack_k8,1
107320,129.0,8,framestack_k8,1
107800,158.0,8,framestack_k8,1
107852,219.0,8,framestack_k8,1
107920,149.0,8,framestack_k8,1
108280,266.0,8,framestack_k8,1
108304,112.0,8,framestack_k8,1
108628,176.0,8,framestack_k8,1
108892,146.0,8,framestack_k8,1
108912,277.0,8,framestack_k8,1
109108,119.0,8,framestack_k8,1
109176,65.0,8,framestack_k8,1
109308,103.0,8,framestack_k8,1
109324,260.0,8,framestack_k8,1
109844,133.0,8,framestack_k8,1
109980,217.0,8,framestack_k8,1
110016,172.0,8,framestack_k8,1
110152,243.0,8,framestack_k8,1
110352,92.0,8,framestack_k8,1
110404,139.0,8,framestack_k8,1
110644,122.0,8,framestack_k8,1
110860,53.0,8,framestack_k8,1
110960,138.0,8,framestack_k8,1
111296,319.0,8,framestack_k8,1
111324,242.0,8,framestack_k8,1
111572,152.0,8,framestack_k8,1
111596,183.0,8,framestack_k8,1
111980,101.0,8,framestack_k8,1
112024,174.0,8,framestack_k8,1
112128,207.0,8,framestack_k8,1
112384,63.0,8,framestack_k8,1
112436,209.0,8,framestack_k8,1
112472,111.0,8,framestack_k8,1
112484,125.0,8,framestack_k8,1
112876,97.0,8,framestack_k8,1
113116,182.0,8,framestack_k8,1
113152,178.0,8,framestack_k8,1
113328,213.0,8,framestack_k8,1
113672,85.0,8,framestack_k8,1
113708,147.0,8,framestack_k8,1
113712,139.0,8,framestack_k8,1
113952,60.0,8,framestack_k8,1
113980,76.0,8,framestack_k8,1
114036,289.0,8,framestack_k8,1
114620,226.0,8,framestack_k8,1
114664,170.0,8,framestack_k8,1
114704,20.0,8,framestack_k8,1
114740,175.0,8,framestack_k8,1
114856,225.0,8,framestack_k8,1
115288,155.0,8,framestack_k8,1
115396,26.0,8,framestack_k8,1
115468,181.0,8,framestack_k8,1
116020,328.0,8,framestack_k8,1
116172,175.0,8,framestack_k8,1
116220,205.0,8,framestack_k8,1
116592,142.0,8,framestack_k8,1
116652,448.0,8,framestack_k8,1
116748,131.0,8,framestack_k8,1
117124,132.0,8,framestack_k8,1
117208,114.0,8,framestack_k8,1
117212,139.0,8,framestack_k8,1
117356,295.0,8,framestack_k8,1
117812,171.0,8,framestack_k8,1
117836,155.0,8,framestack_k8,1
117920,177.0,8,framestack_k8,1
118052,173.0,8,framestack_k8,1
118344,126.0,8,framestack_k8,1
118364,77.0,8,framestack_k8,1
118388,143.0,8,framestack_k8,1
118608,54.0,8,framestack_k8,1
118736,31.0,8,framestack_k8,1
118872,237.0,8,framestack_k8,1
119044,76.0,8,framestack_k8,1
119188,210.0,8,framestack_k8,1
119376,252.0,8,framestack_k8,1
119412,55.0,8,framestack_k8,1
119444,99.0,8,framestack_k8,1
119604,182.0,8,framestack_k8,1
119732,71.0,8,framestack_k8,1
119912,133.0,8,framestack_k8,1
120048,158.0,8,framestack_k8,1
120116,127.0,8,framestack_k8,1
120544,157.0,8,framestack_k8,1
120576,210.0,8,framestack_k8,1
120720,167.0,8,framestack_k8,1
120796,62.0,8,framestack_k8,1
120880,190.0,8,framestack_k8,1
121112,57.0,8,framestack_k8,1
121240,129.0,8,framestack_k8,1
121532,183.0,8,framestack_k8,1
121568,113.0,8,framestack_k8,1
121988,352.0,8,framestack_k8,1
122036,116.0,8,framestack_k8,1
122212,169.0,8,framestack_k8,1
122428,296.0,8,framestack_k8,1
122568,34.0,8,framestack_k8,1
122728,128.0,8,framestack_k8,1
122900,215.0,8,framestack_k8,1
122944,238.0,8,framestack_k8,1
123300,88.0,8,framestack_k8,1
123424,30.0,8,framestack_k8,1
123472,185.0,8,framestack_k8,1
123508,234.0,8,framestack_k8,1
124008,145.0,8,framestack_k8,1
124168,316.0,8,framestack_k8,1
124188,178.0,8,framestack_k8,1
124388,219.0,8,framestack_k8,1
124632,110.0,8,framestack_k8,1
124724,138.0,8,framestack_k8,1
124748,184.0,8,framestack_k8,1
124836,111.0,8,framestack_k8,1
125024,97.0,8,framestack_k8,1
125368,160.0,8,framestack_k8,1
125392,138.0,8,framestack_k8,1
125436,171.0,8,framestack_k8,1
125716,80.0,8,framestack_k8,1
125780,188.0,8,framestack_k8,1
126024,163.0,8,framestack_k8,1
126340,225.0,8,framestack_k8,1
126420,175.0,8,framestack_k8,1
126468,110.0,8,framestack_k8,1
126472,12.0,8,framestack_k8,1
126636,41.0,8,framestack_k8,1
126724,235.0,8,framestack_k8,1
127140,166.0,8,framestack_k8,1
127368,256.0,8,framestack_k8,1
127416,194.0,8,framestack_k8,1
127552,206.0,8,framestack_k8,1
127632,122.0,8,framestack_k8,1
127708,84.0,8,framestack_k8,1
127828,48.0,8,framestack_k8,1
127936,129.0,8,framestack_k8,1
128292,145.0,8,framestack_k8,1
128408,213.0,8,framestack_k8,1
128476,134.0,8,framestack_k8,1
128864,96.0,8,framestack_k8,1
128896,266.0,8,framestack_k8,1
129040,186.0,8,framestack_k8,1
129072,165.0,8,framestack_k8,1
129096,57.0,8,framestack_k8,1
129476,108.0,8,framestack_k8,1
129540,116.0,8,framestack_k8,1
129588,172.0,8,framestack_k8,1
129956,119.0,8,framestack_k8,1
130204,153.0,8,framestack_k8,1
130680,395.0,8,framestack_k8,1
130716,189.0,8,framestack_k8,1
130728,130.0,8,framestack_k8,1
130728,296.0,8,framestack_k8,1
131048,91.0,8,framestack_k8,1
131204,121.0,8,framestack_k8,1
131516,196.0,8,framestack_k8,1
131764,258.0,8,framestack_k8,1
131880,168.0,8,framestack_k8,1
131936,221.0,8,framestack_k8,1
132104,84.0,8,framestack_k8,1
132532,253.0,8,framestack_k8,1
132720,209.0,8,framestack_k8,1
132868,232.0,8,framestack_k8,1
132900,198.0,8,framestack_k8,1
133352,204.0,8,framestack_k8,1
133372,117.0,8,framestack_k8,1
133468,186.0,8,framestack_k8,1
133520,162.0,8,framestack_k8,1
133720,86.0,8,framestack_k8,1
133916,140.0,8,framestack_k8,1
134032,28.0,8,framestack_k8,1
134236,50.0,8,framestack_k8,1
134332,202.0,8,framestack_k8,1
134368,224.0,8,framestack_k8,1
134432,177.0,8,framestack_k8,1
134772,84.0,8,framestack_k8,1
134896,131.0,8,framestack_k8,1
135096,190.0,8,framestack_k8,1
135268,257.0,8,framestack_k8,1
135480,145.0,8,framestack_k8,1
135572,199.0,8,framestack_k8,1
135772,168.0,8,framestack_k8,1
135968,174.0,8,framestack_k8,1
136112,84.0,8,framestack_k8,1
136252,169.0,8,framestack_k8,1
136588,154.0,8,framestack_k8,1
136660,294.0,8,framestack_k8,1
136956,91.0,8,framestack_k8,1
136988,183.0,8,framestack_k8,1
137188,57.0,8,framestack_k8,1
137340,169.0,8,framestack_k8,1
137428,328.0,8,framestack_k8,1
137680,84.0,8,framestack_k8,1
137732,185.0,8,framestack_k8,1
138256,206.0,8,framestack_k8,1
138292,139.0,8,framestack_k8,1
138560,219.0,8,framestack_k8,1
138584,348.0,8,framestack_k8,1
138728,117.0,8,framestack_k8,1
138756,115.0,8,framestack_k8,1
138944,89.0,8,framestack_k8,1
139140,95.0,8,framestack_k8,1
139196,62.0,8,framestack_k8,1
139256,173.0,8,framestack_k8,1
139272,135.0,8,framestack_k8,1
139412,53.0,8,framestack_k8,1
139632,89.0,8,framestack_k8,1
139920,126.0,8,framestack_k8,1
140120,215.0,8,framestack_k8,1
140396,313.0,8,framestack_k8,1
140472,209.0,8,framestack_k8,1
140908,246.0,8,framestack_k8,1
141032,158.0,8,framestack_k8,1
141236,190.0,8,framestack_k8,1
141444,51.0,8,framestack_k8,1
141504,345.0,8,framestack_k8,1
141524,153.0,8,framestack_k8,1
142008,140.0,8,framestack_k8,1
142024,129.0,8,framestack_k8,1
142220,296.0,8,framestack_k8,1
142264,184.0,8,framestack_k8,1
142844,208.0,8,framestack_k8,1
142992,181.0,8,framestack_k8,1
143080,214.0,8,framestack_k8,1
143160,283.0,8,framestack_k8,1
143348,66.0,8,framestack_k8,1
143524,169.0,8,framestack_k8,1
143588,148.0,8,framestack_k8,1
143760,149.0,8,framestack_k8,1
143888,134.0,8,framestack_k8,1
143900,77.0,8,framestack_k8,1
143980,113.0,8,framestack_k8,1
144212,57.0,8,framestack_k8,1
144500,149.0,8,framestack_k8,1
144596,208.0,8,framestack_k8,1
144756,135.0,8,framestack_k8,1
145000,124.0,8,framestack_k8,1
145036,286.0,8,framestack_k8,1
145296,174.0,8,framestack_k8,1
145532,132.0,8,framestack_k8,1
145624,146.0,8,framestack_k8,1
146188,357.0,8,framestack_k8,1
146192,141.0,8,framestack_k8,1
146272,184.0,8,framestack_k8,1
146284,246.0,8,framestack_k8,1
146628,88.0,8,framestack_k8,1
146900,176.0,8,framestack_k8,1
146976,196.0,8,framestack_k8,1
147004,179.0,8,framestack_k8,1
147236,151.0,8,framestack_k8,1
147592,153.0,8,framestack_k8,1
147752,186.0,8,framestack_k8,1
147844,151.0,8,framestack_k8,1
148012,64.0,8,framestack_k8,1
148056,115.0,8,framestack_k8,1
148096,298.0,8,framestack_k8,1
148272,53.0,8,framestack_k8,1
148500,121.0,8,framestack_k8,1
148812,241.0,8,framestack_k8,1
149052,238.0,8,framestack_k8,1
149076,143.0,8,framestack_k8,1
149436,89.0,8,framestack_k8,1
149480,106.0,8,framestack_k8,1
149520,176.0,8,framestack_k8,1
149952,419.0,8,framestack_k8,1
149956,118.0,8,framestack_k8,1
149976,134.0,8,framestack_k8,1
150240,70.0,8,framestack_k8,1
150248,73.0,8,framestack_k8,1
150264,185.0,8,framestack_k8,1
150548,142.0,8,framestack_k8,1
150740,124.0,8,framestack_k8,1
150976,181.0,8,framestack_k8,1
151204,163.0,8,framestack_k8,1
151636,342.0,8,framestack_k8,1
151660,113.0,8,framestack_k8,1
151748,192.0,8,framestack_k8,1
151764,255.0,8,framestack_k8,1
152332,141.0,8,framestack_k8,1
152400,190.0,8,framestack_k8,1
152488,206.0,8,framestack_k8,1
152592,64.0,8,framestack_k8,1
152736,246.0,8,framestack_k8,1
153036,136.0,8,framestack_k8,1
153108,128.0,8,framestack_k8,1
153124,180.0,8,framestack_k8,1
153764,159.0,8,framestack_k8,1
153764,256.0,8,framestack_k8,1
153968,232.0,8,framestack_k8,1
154224,278.0,8,framestack_k8,1
154636,166.0,8,framestack_k8,1
154828,265.0,8,framestack_k8,1
154888,14.0,8,framestack_k8,1
154972,186.0,8,framestack_k8,1
155596,239.0,8,framestack_k8,1
155660,473.0,8,framestack_k8,1
155708,183.0,8,framestack_k8,1
155912,255.0,8,framestack_k8,1
156200,150.0,8,framestack_k8,1
156316,163.0,8,framestack_k8,1
156356,161.0,8,framestack_k8,1
156360,111.0,8,framestack_k8,1
156504,35.0,8,framestack_k8,1
156544,85.0,8,framestack_k8,1
156728,92.0,8,framestack_k8,1
156876,92.0,8,framestack_k8,1
156964,58.0,8,framestack_k8,1
157192,218.0,8,framestack_k8,1
157356,119.0,8,framestack_k8,1
157444,21.0,8,framestack_k8,1
157600,158.0,8,framestack_k8,1
157724,294.0,8,framestack_k8,1
158072,156.0,8,framestack_k8,1
158180,113.0,8,framestack_k8,1
158268,268.0,8,framestack_k8,1
158384,28.0,8,framestack_k8,1
158524,230.0,8,framestack_k8,1
158568,45.0,8,framestack_k8,1
158668,121.0,8,framestack_k8,1
159048,243.0,8,framestack_k8,1
159128,150.0,8,framestack_k8,1
159388,204.0,8,framestack_k8,1
159416,186.0,8,framestack_k8,1
159420,92.0,8,framestack_k8,1
159700,70.0,8,framestack_k8,1
159928,199.0,8,framestack_k8,1
159956,141.0,8,framestack_k8,1
160312,152.0,8,framestack_k8,1
160412,120.0,8,framestack_k8,1
160432,29.0,8,framestack_k8,1
160524,275.0,8,framestack_k8,1
160680,180.0,8,framestack_k8,1
160744,54.0,8,framestack_k8,1
161272,209.0,8,framestack_k8,1
161400,246.0,8,framestack_k8,1
161568,205.0,8,framestack_k8,1
161580,224.0,8,framestack_k8,1
161872,117.0,8,framestack_k8,1
161900,82.0,8,framestack_k8,1
161944,167.0,8,framestack_k8,1
161980,99.0,8,framestack_k8,1
162108,58.0,8,framestack_k8,1
162172,67.0,8,framestack_k8,1
162768,205.0,8,framestack_k8,1
162832,164.0,8,framestack_k8,1
162848,216.0,8,framestack_k8,1
162908,199.0,8,framestack_k8,1
162996,56.0,8,framestack_k8,1
163052,50.0,8,framestack_k8,1
163232,80.0,8,framestack_k8,1
163688,172.0,8,framestack_k8,1
164044,302.0,8,framestack_k8,1
164176,280.0,8,framestack_k8,1
164240,251.0,8,framestack_k8,1
164276,24.0,8,framestack_k8,1
164392,28.0,8,framestack_k8,1
164428,184.0,8,framestack_k8,1
164980,233.0,8,framestack_k8,1
165100,214.0,8,framestack_k8,1
165256,206.0,8,framestack_k8,1
165304,50.0,8,framestack_k8,1
165356,240.0,8,framestack_k8,1
165632,162.0,8,framestack_k8,1
165956,174.0,8,framestack_k8,1
165996,172.0,8,framestack_k8,1
166284,231.0,8,framestack_k8,1
166296,165.0,8,framestack_k8,1
166520,140.0,8,framestack_k8,1
166916,229.0,8,framestack_k8,1
167056,189.0,8,framestack_k8,1
167320,258.0,8,framestack_k8,1
167392,217.0,8,framestack_k8,1
167612,173.0,8,framestack_k8,1
168176,279.0,8,framestack_k8,1
168188,143.0,8,framestack_k8,1
168316,230.0,8,framestack_k8,1
168380,264.0,8,framestack_k8,1
168524,83.0,8,framestack_k8,1
168540,90.0,8,framestack_k8,1
169020,175.0,8,framestack_k8,1
169204,165.0,8,framestack_k8,1
169260,183.0,8,framestack_k8,1
169840,204.0,8,framestack_k8,1
169904,380.0,8,framestack_k8,1
169976,33.0,8,framestack_k8,1
170004,199.0,8,framestack_k8,1
170380,279.0,8,framestack_k8,1
170684,194.0,8,framestack_k8,1
170976,242.0,8,framestack_k8,1
171100,179.0,8,framestack_k8,1
171268,322.0,8,framestack_k8,1
171560,114.0,8,framestack_k8,1
171568,147.0,8,framestack_k8,1
171956,171.0,8,framestack_k8,1
172028,114.0,8,framestack_k8,1
172192,376.0,8,framestack_k8,1
172596,141.0,8,framestack_k8,1
172908,336.0,8,framestack_k8,1
173172,244.0,8,framestack_k8,1
173204,311.0,8,framestack_k8,1
173292,173.0,8,framestack_k8,1
173540,61.0,8,framestack_k8,1
173636,181.0,8,framestack_k8,1
173912,176.0,8,framestack_k8,1
173956,103.0,8,framestack_k8,1
174012,209.0,8,framestack_k8,1
174364,87.0,8,framestack_k8,1
174444,201.0,8,framestack_k8,1
174452,134.0,8,framestack_k8,1
174616,164.0,8,framestack_k8,1
175180,203.0,8,framestack_k8,1
175464,254.0,8,framestack_k8,1
175632,294.0,8,framestack_k8,1
175680,265.0,8,framestack_k8,1
175780,149.0,8,framestack_k8,1
176036,88.0,8,framestack_k8,1
176156,93.0,8,framestack_k8,1
176368,225.0,8,framestack_k8,1
176828,197.0,8,framestack_k8,1
176904,186.0,8,framestack_k8,1
177012,344.0,8,framestack_k8,1
177224,98.0,8,framestack_k8,1
177496,67.0,8,framestack_k8,1
177720,337.0,8,framestack_k8,1
177764,214.0,8,framestack_k8,1
177772,189.0,8,framestack_k8,1
178224,125.0,8,framestack_k8,1
178284,127.0,8,framestack_k8,1
178436,234.0,8,framestack_k8,1
178660,223.0,8,framestack_k8,1
178820,39.0,8,framestack_k8,1
179056,192.0,8,framestack_k8,1
179140,175.0,8,framestack_k8,1
179400,293.0,8,framestack_k8,1
179776,238.0,8,framestack_k8,1
179964,226.0,8,framestack_k8,1
180168,191.0,8,framestack_k8,1
180284,285.0,8,framestack_k8,1
180852,268.0,8,framestack_k8,1
181000,207.0,8,framestack_k8,1
181116,207.0,8,framestack_k8,1
181416,140.0,8,framestack_k8,1
181480,378.0,8,framestack_k8,1
181832,207.0,8,framestack_k8,1
182128,177.0,8,framestack_k8,1
182280,290.0,8,framestack_k8,1
182332,212.0,8,framestack_k8,1
182468,158.0,8,framestack_k8,1
182700,142.0,8,framestack_k8,1
182756,118.0,8,framestack_k8,1
183132,165.0,8,framestack_k8,1
183340,251.0,8,framestack_k8,1
183384,156.0,8,framestack_k8,1
183508,93.0,8,framestack_k8,1
183640,63.0,8,framestack_k8,1
184116,193.0,8,framestack_k8,1
184288,194.0,8,framestack_k8,1
184348,176.0,8,framestack_k8,1
184460,439.0,8,framestack_k8,1
184692,143.0,8,framestack_k8,1
184788,124.0,8,framestack_k8,1
185056,176.0,8,framestack_k8,1
185100,77.0,8,framestack_k8,1
185156,173.0,8,framestack_k8,1
185572,219.0,8,framestack_k8,1
185820,179.0,8,framestack_k8,1
185848,197.0,8,framestack_k8,1
185932,193.0,8,framestack_k8,1
186272,174.0,8,framestack_k8,1
186612,169.0,8,framestack_k8,1
186788,241.0,8,framestack_k8,1
186820,242.0,8,framestack_k8,1
187024,187.0,8,framestack_k8,1
187604,203.0,8,framestack_k8,1
187704,220.0,8,framestack_k8,1
187996,242.0,8,framestack_k8,1
188024,352.0,8,framestack_k8,1
188308,150.0,8,framestack_k8,1
188512,226.0,8,framestack_k8,1
188632,158.0,8,framestack_k8,1
188692,166.0,8,framestack_k8,1
188844,133.0,8,framestack_k8,1
189324,119.0,8,framestack_k8,1
189396,175.0,8,framestack_k8,1
189468,208.0,8,framestack_k8,1
189472,36.0,8,framestack_k8,1
189804,322.0,8,framestack_k8,1
190164,173.0,8,framestack_k8,1
190320,230.0,8,framestack_k8,1
190476,167.0,8,framestack_k8,1
190636,39.0,8,framestack_k8,1
190684,302.0,8,framestack_k8,1
191116,237.0,8,framestack_k8,1
191264,156.0,8,framestack_k8,1
191376,172.0,8,framestack_k8,1
191920,399.0,8,framestack_k8,1
192136,189.0,8,framestack_k8,1
192152,258.0,8,framestack_k8,1
192404,62.0,8,framestack_k8,1
192700,358.0,8,framestack_k8,1
192704,195.0,8,framestack_k8,1
192952,203.0,8,framestack_k8,1
193060,26.0,8,framestack_k8,1
193404,175.0,8,framestack_k8,1
193448,185.0,8,framestack_k8,1
193904,374.0,8,framestack_k8,1
193940,219.0,8,framestack_k8,1
194040,158.0,8,framestack_k8,1
194232,72.0,8,framestack_k8,1
194380,232.0,8,framestack_k8,1
194896,213.0,8,framestack_k8,1
194908,131.0,8,framestack_k8,1
195380,286.0,8,framestack_k8,1
195540,157.0,8,framestack_k8,1
195544,409.0,8,framestack_k8,1
195652,188.0,8,framestack_k8,1
196124,185.0,8,framestack_k8,1
196328,196.0,8,framestack_k8,1
196416,190.0,8,framestack_k8,1
196732,100.0,8,framestack_k8,1
196948,350.0,8,framestack_k8,1
196964,209.0,8,framestack_k8,1
197128,40.0,8,framestack_k8,1
197232,203.0,8,framestack_k8,1
197680,236.0,8,framestack_k8,1
197908,194.0,8,framestack_k8,1
197992,260.0,8,framestack_k8,1
198388,288.0,8,framestack_k8,1
198456,136.0,8,framestack_k8,1
198680,171.0,8,framestack_k8,1
198828,109.0,8,framestack_k8,1
199008,137.0,8,framestack_k8,1
199180,374.0,8,framestack_k8,1
199388,176.0,8,framestack_k8,1
199456,156.0,8,framestack_k8,1
199672,165.0,8,framestack_k8,1
